Workbook

Sheet OrigInvent2023LTO
B2: CALSIM | C2: AW_EDCOCA_NA1 | D2: AG-DEMAND | E2: 1MON | F2: L2020A | G2: =_xlfn.CONCAT(C2,"/",D2) -> AW_EDCOCA_NA1/AG-DEMAND | H2: Miscellaneous | I2: https://cadwr.box.com/s/7y5d3wa9cs1eoeanw7wrflmc1j1hej2x | K2: Timseries set to 0. Related Source Documentation File and Text File provided in Water Management Plan Folder | L2: Both | N2: TAF
B3: CALSIM | C3: AW_EDCOCA_NA2 | D3: AG-DEMAND | E3: 1MON | F3: L2020A | G3: =_xlfn.CONCAT(C3,"/",D3) -> AW_EDCOCA_NA2/AG-DEMAND | H3: Miscellaneous | I3: https://cadwr.box.com/s/7y5d3wa9cs1eoeanw7wrflmc1j1hej2x | K3: Timseries set to 0. Related Source Documentation File and Text File provided in Water Management Plan Folder | L3: Both | N3: TAF
B4: CALSIM | C4: AW_EDCOCA_NA3 | D4: AG-DEMAND | E4: 1MON | F4: L2020A | G4: =_xlfn.CONCAT(C4,"/",D4) -> AW_EDCOCA_NA3/AG-DEMAND | H4: Miscellaneous | I4: https://cadwr.box.com/s/7y5d3wa9cs1eoeanw7wrflmc1j1hej2x | K4: Timseries set to 0. Related Source Documentation File and Text File provided in Water Management Plan Folder | L4: Both | N4: TAF
B5: CALSIM | C5: AW_ELDID_NA1 | D5: AG-DEMAND | E5: 1MON | F5: L2020A | G5: =_xlfn.CONCAT(C5,"/",D5) -> AW_ELDID_NA1/AG-DEMAND | H5: Miscellaneous | I5: https://cadwr.box.com/s/7y5d3wa9cs1eoeanw7wrflmc1j1hej2x | K5: Repeating 12 month value timeseries; Data pulled from EDCWA WRDMP | L5: Both | N5: TAF
B6: CALSIM | C6: AW_ELDID_NA2 | D6: AG-DEMAND | E6: 1MON | F6: L2020A | G6: =_xlfn.CONCAT(C6,"/",D6) -> AW_ELDID_NA2/AG-DEMAND | H6: Miscellaneous | I6: https://cadwr.box.com/s/7y5d3wa9cs1eoeanw7wrflmc1j1hej2x | K6: Repeating 12 month value timeseries; Data pulled from EDCWA WRDMP | L6: Both | N6: TAF
B7: CALSIM | C7: AW_ELDID_NA3 | D7: AG-DEMAND | E7: 1MON | F7: L2020A | G7: =_xlfn.CONCAT(C7,"/",D7) -> AW_ELDID_NA3/AG-DEMAND | H7: Miscellaneous | I7: https://cadwr.box.com/s/7y5d3wa9cs1eoeanw7wrflmc1j1hej2x | K7: Repeating 12 month value timeseries; Data pulled from EDCWA WRDMP | L7: Both | N7: TAF
B8: CALSIM | C8: AW_GDPUD_NA | D8: AG-DEMAND | E8: 1MON | F8: L2020A | G8: =_xlfn.CONCAT(C8,"/",D8) -> AW_GDPUD_NA/AG-DEMAND | H8: Miscellaneous | I8: https://cadwr.box.com/s/7y5d3wa9cs1eoeanw7wrflmc1j1hej2x | K8: Repeating 12 month value timeseries; Data pulled from EDCWA WRDMP | L8: Both | N8: TAF
B9: CALSIM | C9: AW_NIDBR_NA | D9: APPLIED-WATER | E9: 1MON | F9: L2020A | G9: =_xlfn.CONCAT(C9,"/",D9) -> AW_NIDBR_NA/APPLIED-WATER | H9: Miscellaneous | I9: https://cadwr.box.com/s/7y5d3wa9cs1eoeanw7wrflmc1j1hej2x | K9: NID Water Management plan; Repeating 12 month value timeseries | L9: Both | N9: TAF
B10: CALSIM | C10: AW_NIDDC_NA1 | D10: APPLIED-WATER | E10: 1MON | F10: L2020A | G10: =_xlfn.CONCAT(C10,"/",D10) -> AW_NIDDC_NA1/APPLIED-WATER | H10: Miscellaneous | I10: https://cadwr.box.com/s/7y5d3wa9cs1eoeanw7wrflmc1j1hej2x | K10: NID Water Management plan; Repeating 12 month value timeseries | L10: Both | N10: TAF
B11: CALSIM | C11: AW_NIDDC_NA2 | D11: APPLIED-WATER | E11: 1MON | F11: L2020A | G11: =_xlfn.CONCAT(C11,"/",D11) -> AW_NIDDC_NA2/APPLIED-WATER | H11: Miscellaneous | I11: https://cadwr.box.com/s/7y5d3wa9cs1eoeanw7wrflmc1j1hej2x | K11: NID Water Management plan; Repeating 12 month value timeseries | L11: Both | N11: TAF
B12: CALSIM | C12: AW_NIDDC_NA3 | D12: APPLIED-WATER | E12: 1MON | F12: L2020A | G12: =_xlfn.CONCAT(C12,"/",D12) -> AW_NIDDC_NA3/APPLIED-WATER | H12: Miscellaneous | I12: https://cadwr.box.com/s/7y5d3wa9cs1eoeanw7wrflmc1j1hej2x | K12: NID Water Management plan; Repeating 12 month value timeseries | L12: Both | N12: TAF
B13: CALSIM | C13: SG_R3_CVP | D13: CANAL-LOSS | E13: 1MON | F13: L2020A | G13: =_xlfn.CONCAT(C13,"/",D13) -> SG_R3_CVP/CANAL-LOSS | H13: Miscellaneous | I13: https://cadwr.box.com/s/1r6d5e8e57cwdgr5zd5atbk03prm0mvn | K13: Repeating 12 month value timeseries; From CalSim3_Merge_05222018 deliveried from USBR | L13: Both | N13: TAF
... B23: CALSIM | C23: SG_R7_SWP | D23: CANAL-LOSS | E23: 1MON | F23: L2020A | G23: =_xlfn.CONCAT(C23,"/",D23) -> SG_R7_SWP/CANAL-LOSS | H23: Miscellaneous | I23: https://cadwr.box.com/s/1r6d5e8e57cwdgr5zd5atbk03prm0mvn | K23: Repeating 12 month value timeseries; From CalSim3_Merge_05222018 deliveried from USBR | L23: Both | N23: TAF
B24: CALSIM | C24: CL_DGR | D24: CONTRACT-LIMIT | E24: 1MON | F24: L2020A | G24: =_xlfn.CONCAT(C24,"/",D24) -> CL_DGR/CONTRACT-LIMIT | H24: Miscellaneous | I24: https://cadwr.box.com/s/ehdiqn3dsdyk2fulv51uz2rvj56lhghl | L24: No | M24: Yes | N24: TAF
B25: CALSIM | C25: DEM_D810_PIN | D25: DEMAND-SWP-IN | E25: 1MON | F25: L2020A | G25: =_xlfn.CONCAT(C25,"/",D25) -> DEM_D810_PIN/DEMAND-SWP-IN | H25: Miscellaneous | I25: https://cadwr.box.com/s/mz2dfvkwm1jsml6m96294j8akezo41o1 | K25: Renamed in CS3: DEM_D_SBA009_ACFC_PIN | L25: Both | N25: TAF
B26: CALSIM | C26: DEM_D814_PIN | D26: DEMAND-SWP-IN | E26: 1MON | F26: L2020A | G26: =_xlfn.CONCAT(C26,"/",D26) -> DEM_D814_PIN/DEMAND-SWP-IN | H26: Miscellaneous | I26: https://cadwr.box.com/s/mz2dfvkwm1jsml6m96294j8akezo41o1 | K26: Renamed in CS3: DEM_D_SBA029_ACWD_PIN | L26: Both | N26: TAF
B27: CALSIM | C27: DEM_D815_PIN | D27: DEMAND-SWP-IN | E27: 1MON | F27: L2020A | G27: =_xlfn.CONCAT(C27,"/",D27) -> DEM_D815_PIN/DEMAND-SWP-IN | H27: Miscellaneous | I27: https://cadwr.box.com/s/mz2dfvkwm1jsml6m96294j8akezo41o1 | K27: Renamed in CS3: DEM_D_SBA036_SCVWD_PIN | L27: Both | N27: TAF
B28: CALSIM | C28: DP_GWR15 | D28: DEEP-PERCOLATION | E28: 1MON | F28: L2020A | G28: =_xlfn.CONCAT(C28,"/",D28) -> DP_GWR15/DEEP-PERCOLATION | H28: Groundwater Models | I28: https://cadwr.box.com/s/qm8lwwmzfxl20b40d8axkyb6125cjrrp | L28: Both | M28: Precip Dependent | N28: TAF
B29: CALSIM | C29: DP_GWR16 | D29: DEEP-PERCOLATION | E29: 1MON | F29: L2020A | G29: =_xlfn.CONCAT(C29,"/",D29) -> DP_GWR16/DEEP-PERCOLATION | H29: Groundwater Models | I29: https://cadwr.box.com/s/qm8lwwmzfxl20b40d8axkyb6125cjrrp | L29: Both | M29: Precip Dependent | N29: TAF
B30: CALSIM | C30: DP_GWR17 | D30: DEEP-PERCOLATION | E30: 1MON | F30: L2020A | G30: =_xlfn.CONCAT(C30,"/",D30) -> DP_GWR17/DEEP-PERCOLATION | H30: Groundwater Models | I30: https://cadwr.box.com/s/qm8lwwmzfxl20b40d8axkyb6125cjrrp | L30: Both | M30: Precip Dependent | N30: TAF
B31: CALSIM | C31: DP_GWR18 | D31: DEEP-PERCOLATION | E31: 1MON | F31: L2020A | G31: =_xlfn.CONCAT(C31,"/",D31) -> DP_GWR18/DEEP-PERCOLATION | H31: Groundwater Models | I31: https://cadwr.box.com/s/qm8lwwmzfxl20b40d8axkyb6125cjrrp | L31: Both | M31: Precip Dependent | N31: TAF
B32: CALSIM | C32: DP_GWR19 | D32: DEEP-PERCOLATION | E32: 1MON | F32: L2020A | G32: =_xlfn.CONCAT(C32,"/",D32) -> DP_GWR19/DEEP-PERCOLATION | H32: Groundwater Models | I32: https://cadwr.box.com/s/qm8lwwmzfxl20b40d8axkyb6125cjrrp | L32: Both | M32: Precip Dependent | N32: TAF
B33: CALSIM | C33: DP_GWR20 | D33: DEEP-PERCOLATION | E33: 1MON | F33: L2020A | G33: =_xlfn.CONCAT(C33,"/",D33) -> DP_GWR20/DEEP-PERCOLATION | H33: Groundwater Models | I33: https://cadwr.box.com/s/qm8lwwmzfxl20b40d8axkyb6125cjrrp | L33: Both | M33: Precip Dependent | N33: TAF
B34: CALSIM | C34: DP_GWR21 | D34: DEEP-PERCOLATION | E34: 1MON | F34: L2020A | G34: =_xlfn.CONCAT(C34,"/",D34) -> DP_GWR21/DEEP-PERCOLATION | H34: Groundwater Models | I34: https://cadwr.box.com/s/qm8lwwmzfxl20b40d8axkyb6125cjrrp | L34: Both | M34: Precip Dependent | N34: TAF
B35: CALSIM | C35: DP_WBA50_DCD | D35: DP-FLOW | E35: 1MON | F35: L2020A | G35: =_xlfn.CONCAT(C35,"/",D35) -> DP_WBA50_DCD/DP-FLOW | H35: Groundwater Models | I35: https://cadwr.box.com/s/qm8lwwmzfxl20b40d8axkyb6125cjrrp | L35: Both | M35: Precip Dependent | N35: TAF
B36: CALSIM | C36: GP_GWR15 | D36: PUMPING | E36: 1MON | F36: L2020A | G36: =_xlfn.CONCAT(C36,"/",D36) -> GP_GWR15/PUMPING | H36: Groundwater Models | I36: https://cadwr.box.com/s/qm8lwwmzfxl20b40d8axkyb6125cjrrp | L36: Both | M36: No | N36: TAF
B37: CALSIM | C37: GP_GWR16 | D37: PUMPING | E37: 1MON | F37: L2020A | G37: =_xlfn.CONCAT(C37,"/",D37) -> GP_GWR16/PUMPING | H37: Groundwater Models | I37: https://cadwr.box.com/s/qm8lwwmzfxl20b40d8axkyb6125cjrrp | L37: Both | M37: No | N37: TAF
B38: CALSIM | C38: GP_GWR17 | D38: PUMPING | E38: 1MON | F38: L2020A | G38: =_xlfn.CONCAT(C38,"/",D38) -> GP_GWR17/PUMPING | H38: Groundwater Models | I38: https://cadwr.box.com/s/qm8lwwmzfxl20b40d8axkyb6125cjrrp | L38: Both | M38: No | N38: TAF
B39: CALSIM | C39: GP_GWR18 | D39: PUMPING | E39: 1MON | F39: L2020A | G39: =_xlfn.CONCAT(C39,"/",D39) -> GP_GWR18/PUMPING | H39: Groundwater Models | I39: https://cadwr.box.com/s/qm8lwwmzfxl20b40d8axkyb6125cjrrp | L39: Both | M39: No | N39: TAF
... B42: CALSIM | C42: GP_GWR21 | D42: PUMPING | E42: 1MON | F42: L2020A | G42: =_xlfn.CONCAT(C42,"/",D42) -> GP_GWR21/PUMPING | H42: Groundwater Models | I42: https://cadwr.box.com/s/qm8lwwmzfxl20b40d8axkyb6125cjrrp | L42: Both | M42: No | N42: TAF
B43: CALSIM | C43: GW1_N1003 | D43: BUGW-INFLOW | E43: 1MON | F43: L2020A | G43: =_xlfn.CONCAT(C43,"/",D43) -> GW1_N1003/BUGW-INFLOW | H43: Groundwater Models | I43: https://cadwr.box.com/s/qm8lwwmzfxl20b40d8axkyb6125cjrrp | L43: Both | N43: TAF
B44: CALSIM | C44: GW1_N1004 | D44: BUGW-INFLOW | E44: 1MON | F44: L2020A | G44: =_xlfn.CONCAT(C44,"/",D44) -> GW1_N1004/BUGW-INFLOW | H44: Groundwater Models | I44: https://cadwr.box.com/s/qm8lwwmzfxl20b40d8axkyb6125cjrrp | L44: Both | N44: TAF
B45: CALSIM | C45: GW1_N1005 | D45: BUGW-INFLOW | E45: 1MON | F45: L2020A | G45: =_xlfn.CONCAT(C45,"/",D45) -> GW1_N1005/BUGW-INFLOW | H45: Groundwater Models | I45: https://cadwr.box.com/s/qm8lwwmzfxl20b40d8axkyb6125cjrrp | L45: Both | N45: TAF
B46: CALSIM | C46: GW1_N1006 | D46: BUGW-INFLOW | E46: 1MON | F46: L2020A | G46: =_xlfn.CONCAT(C46,"/",D46) -> GW1_N1006/BUGW-INFLOW | H46: Groundwater Models | I46: https://cadwr.box.com/s/qm8lwwmzfxl20b40d8axkyb6125cjrrp | L46: Both | N46: TAF
B47: CALSIM | C47: GW1_N1007 | D47: BUGW-INFLOW | E47: 1MON | F47: L2020A | G47: =_xlfn.CONCAT(C47,"/",D47) -> GW1_N1007/BUGW-INFLOW | H47: Groundwater Models | I47: https://cadwr.box.com/s/qm8lwwmzfxl20b40d8axkyb6125cjrrp | L47: Both | N47: TAF
B48: CALSIM | C48: GW1_N1017 | D48: BUGW-INFLOW | E48: 1MON | F48: L2020A | G48: =_xlfn.CONCAT(C48,"/",D48) -> GW1_N1017/BUGW-INFLOW | H48: Groundwater Models | I48: https://cadwr.box.com/s/qm8lwwmzfxl20b40d8axkyb6125cjrrp | L48: Both | N48: TAF
B49: CALSIM | C49: GW1_N1034 | D49: BUGW-INFLOW | E49: 1MON | F49: L2020A | G49: =_xlfn.CONCAT(C49,"/",D49) -> GW1_N1034/BUGW-INFLOW | H49: Groundwater Models | I49: https://cadwr.box.com/s/qm8lwwmzfxl20b40d8axkyb6125cjrrp | L49: Both | N49: TAF
B50: CALSIM | C50: GW1_N1035 | D50: BUGW-INFLOW | E50: 1MON | F50: L2020A | G50: =_xlfn.CONCAT(C50,"/",D50) -> GW1_N1035/BUGW-INFLOW | H50: Groundwater Models | I50: https://cadwr.box.com/s/qm8lwwmzfxl20b40d8axkyb6125cjrrp | L50: Both | N50: TAF
B51: CALSIM | C51: GW1_N1036 | D51: BUGW-INFLOW | E51: 1MON | F51: L2020A | G51: =_xlfn.CONCAT(C51,"/",D51) -> GW1_N1036/BUGW-INFLOW | H51: Groundwater Models | I51: https://cadwr.box.com/s/qm8lwwmzfxl20b40d8axkyb6125cjrrp | L51: Both | N51: TAF
B52: CALSIM | C52: GW1_N1051 | D52: BUGW-INFLOW | E52: 1MON | F52: L2020A | G52: =_xlfn.CONCAT(C52,"/",D52) -> GW1_N1051/BUGW-INFLOW | H52: Groundwater Models | I52: https://cadwr.box.com/s/qm8lwwmzfxl20b40d8axkyb6125cjrrp | L52: Both | N52: TAF
B53: CALSIM | C53: GW1_N1052 | D53: BUGW-INFLOW | E53: 1MON | F53: L2020A | G53: =_xlfn.CONCAT(C53,"/",D53) -> GW1_N1052/BUGW-INFLOW | H53: Groundwater Models | I53: https://cadwr.box.com/s/qm8lwwmzfxl20b40d8axkyb6125cjrrp | L53: Both | N53: TAF
B54: CALSIM | C54: GW1_N1061 | D54: BUGW-INFLOW | E54: 1MON | F54: L2020A | G54: =_xlfn.CONCAT(C54,"/",D54) -> GW1_N1061/BUGW-INFLOW | H54: Groundwater Models | I54: https://cadwr.box.com/s/qm8lwwmzfxl20b40d8axkyb6125cjrrp | L54: Both | N54: TAF
... B252: CALSIM | C252: GW1_N988 | D252: BUGW-INFLOW | E252: 1MON | F252: L2020A | G252: =_xlfn.CONCAT(C252,"/",D252) -> GW1_N988/BUGW-INFLOW | H252: Groundwater Models | I252: https://cadwr.box.com/s/qm8lwwmzfxl20b40d8axkyb6125cjrrp | L252: Both | N252: TAF
B253: CALSIM | C253: DEM_D_CAA046_71_PA7_PIN | D253: DEMAND-SWP-IN | E253: 1MON | F253: L2020A | G253: =_xlfn.CONCAT(C253,"/",D253) -> DEM_D_CAA046_71_PA7_PIN/DEMAND-SWP-IN | H253: Miscellaneous | I253: https://cadwr.box.com/s/mz2dfvkwm1jsml6m96294j8akezo41o1 | K253: Naming aligns with spreadsheet. Repeating 12 month value timeseries | L253: Both | M253: No | N253: TAF
B254: CALSIM | C254: DEM_D_CAA184_DUDLEY_PIN | D254: DEMAND-SWP-IN | E254: 1MON | F254: L2020A | G254: =_xlfn.CONCAT(C254,"/",D254) -> DEM_D_CAA184_DUDLEY_PIN/DEMAND-SWP-IN | H254: Miscellaneous | I254: https://cadwr.box.com/s/mz2dfvkwm1jsml6m96294j8akezo41o1 | K254: Named: DEM_D849_PIN in spreadsheet. Repeating 12 month value timeseries | L254: Both | N254: TAF
B255: CALSIM | C255: DEM_D_CSB038_OBISPO_PIN | D255: DEMAND-SWP-IN | E255: 1MON | F255: L2020A | G255: =_xlfn.CONCAT(C255,"/",D255) -> DEM_D_CSB038_OBISPO_PIN/DEMAND-SWP-IN | H255: Miscellaneous | I255: https://cadwr.box.com/s/mz2dfvkwm1jsml6m96294j8akezo41o1 | K255: Named: DEM_D869_PIN in spreadsheet. Repeating 12 month value timeseries | L255: Both | N255: TAF
B256: CALSIM | C256: DEM_D_CSB103_BRBRA_PIN | D256: DEMAND-SWP-IN | E256: 1MON | F256: L2020A | G256: =_xlfn.CONCAT(C256,"/",D256) -> DEM_D_CSB103_BRBRA_PIN/DEMAND-SWP-IN | H256: Miscellaneous | I256: https://cadwr.box.com/s/mz2dfvkwm1jsml6m96294j8akezo41o1 | K256: Named: DEM_D870_PIN in spreadsheet. Repeating 12 month value timeseries | L256: Both | N256: TAF
B257: CALSIM | C257: DEM_D_CSTIC_VNTRA_PIN | D257: DEMAND-SWP-IN | E257: 1MON | F257: L2020A | G257: =_xlfn.CONCAT(C257,"/",D257) -> DEM_D_CSTIC_VNTRA_PIN/DEMAND-SWP-IN | H257: Miscellaneous | I257: https://cadwr.box.com/s/mz2dfvkwm1jsml6m96294j8akezo41o1 | K257: Named: DEM_D29_PIN in spreadsheet. Repeating 12 month value timeseries | L257: Both | N257: TAF
B258: CALSIM | C258: DEM_D_ESB324_AVEK_PIN | D258: DEMAND-SWP-IN | E258: 1MON | F258: L2020A | G258: =_xlfn.CONCAT(C258,"/",D258) -> DEM_D_ESB324_AVEK_PIN/DEMAND-SWP-IN | H258: Miscellaneous | I258: https://cadwr.box.com/s/mz2dfvkwm1jsml6m96294j8akezo41o1 | K258: Named: DEM_D877_PIN in spreadsheet. Repeating 12 month value timeseries | L258: Both | N258: TAF
B259: CALSIM | C259: DEM_D_ESB347_PLMDL_PIN | D259: DEMAND-SWP-IN | E259: 1MON | F259: L2020A | G259: =_xlfn.CONCAT(C259,"/",D259) -> DEM_D_ESB347_PLMDL_PIN/DEMAND-SWP-IN | H259: Miscellaneous | I259: https://cadwr.box.com/s/mz2dfvkwm1jsml6m96294j8akezo41o1 | K259: Named: DEM_D878_PIN in spreadsheet. Repeating 12 month value timeseries | L259: Both | N259: TAF
B260: CALSIM | C260: DEM_D_ESB407_CCHLA_PIN | D260: DEMAND-SWP-IN | E260: 1MON | F260: L2020A | G260: =_xlfn.CONCAT(C260,"/",D260) -> DEM_D_ESB407_CCHLA_PIN/DEMAND-SWP-IN | H260: Miscellaneous | I260: https://cadwr.box.com/s/mz2dfvkwm1jsml6m96294j8akezo41o1 | K260: Named: DEM_D883_PIN in spreadsheet. Repeating 12 month value timeseries | L260: Both | N260: TAF
B261: CALSIM | C261: DEM_D_ESB408_DESRT_PIN | D261: DEMAND-SWP-IN | E261: 1MON | F261: L2020A | G261: =_xlfn.CONCAT(C261,"/",D261) -> DEM_D_ESB408_DESRT_PIN/DEMAND-SWP-IN | H261: Miscellaneous | I261: https://cadwr.box.com/s/mz2dfvkwm1jsml6m96294j8akezo41o1 | K261: Named: DEM_D884_PIN in spreadsheet. Repeating 12 month value timeseries | L261: Both | N261: TAF
B262: CALSIM | C262: DEM_D_ESB413_MWDSC_PIN | D262: DEMAND-SWP-IN | E262: 1MON | F262: L2020A | G262: =_xlfn.CONCAT(C262,"/",D262) -> DEM_D_ESB413_MWDSC_PIN/DEMAND-SWP-IN | H262: Miscellaneous | I262: https://cadwr.box.com/s/mz2dfvkwm1jsml6m96294j8akezo41o1 | K262: Named: DEM_D885_PIN in spreadsheet. Repeating 12 month value timeseries | L262: Both | N262: TAF
B263: CALSIM | C263: DEM_D_ESB414_BRDNO_PIN | D263: DEMAND-SWP-IN | E263: 1MON | F263: L2020A | G263: =_xlfn.CONCAT(C263,"/",D263) -> DEM_D_ESB414_BRDNO_PIN/DEMAND-SWP-IN | H263: Miscellaneous | I263: https://cadwr.box.com/s/mz2dfvkwm1jsml6m96294j8akezo41o1 | K263: Named: DEM_D886_PIN in spreadsheet. Repeating 12 month value timeseries | L263: Both | N263: TAF
B264: CALSIM | C264: AWO_02_NA | D264: APPLIED-WATER | E264: 1MON | F264: L2020A | G264: =_xlfn.CONCAT(C264,"/",D264) -> AWO_02_NA/APPLIED-WATER | H264: CalSimHydro Model | I264: https://cadwr.box.com/s/2rlje06p169pjbqicdy9wq2hefy34uta | L264: Both | M264: Precip Dependent | N264: TAF
B265: CALSIM | C265: AWO_02_PA | D265: APPLIED-WATER | E265: 1MON | F265: L2020A | G265: =_xlfn.CONCAT(C265,"/",D265) -> AWO_02_PA/APPLIED-WATER | H265: CalSimHydro Model | I265: https://cadwr.box.com/s/2rlje06p169pjbqicdy9wq2hefy34uta | L265: Both | M265: Precip Dependent | N265: TAF
B266: CALSIM | C266: AWO_02_SA | D266: APPLIED-WATER | E266: 1MON | F266: L2020A | G266: =_xlfn.CONCAT(C266,"/",D266) -> AWO_02_SA/APPLIED-WATER | H266: CalSimHydro Model | I266: https://cadwr.box.com/s/2rlje06p169pjbqicdy9wq2hefy34uta | L266: Both | M266: Precip Dependent | N266: TAF
B267: CALSIM | C267: AWO_03_NA | D267: APPLIED-WATER | E267: 1MON | F267: L2020A | G267: =_xlfn.CONCAT(C267,"/",D267) -> AWO_03_NA/APPLIED-WATER | H267: CalSimHydro Model | I267: https://cadwr.box.com/s/2rlje06p169pjbqicdy9wq2hefy34uta | L267: Both | M267: Precip Dependent | N267: TAF
B268: CALSIM | C268: AWO_03_PA | D268: APPLIED-WATER | E268: 1MON | F268: L2020A | G268: =_xlfn.CONCAT(C268,"/",D268) -> AWO_03_PA/APPLIED-WATER | H268: CalSimHydro Model | I268: https://cadwr.box.com/s/2rlje06p169pjbqicdy9wq2hefy34uta | L268: Both | M268: Precip Dependent | N268: TAF
B269: CALSIM | C269: AWO_03_SA | D269: APPLIED-WATER | E269: 1MON | F269: L2020A | G269: =_xlfn.CONCAT(C269,"/",D269) -> AWO_03_SA/APPLIED-WATER | H269: CalSimHydro Model | I269: https://cadwr.box.com/s/2rlje06p169pjbqicdy9wq2hefy34uta | L269: Both | M269: Precip Dependent | N269: TAF
B270: CALSIM | C270: AWO_04_NA | D270: APPLIED-WATER | E270: 1MON | F270: L2020A | G270: =_xlfn.CONCAT(C270,"/",D270) -> AWO_04_NA/APPLIED-WATER | H270: CalSimHydro Model | I270: https://cadwr.box.com/s/2rlje06p169pjbqicdy9wq2hefy34uta | L270: Both | M270: Precip Dependent | N270: TAF
B271: CALSIM | C271: AWO_04_PA1 | D271: APPLIED-WATER | E271: 1MON | F271: L2020A | G271: =_xlfn.CONCAT(C271,"/",D271) -> AWO_04_PA1/APPLIED-WATER | H271: CalSimHydro Model | I271: https://cadwr.box.com/s/2rlje06p169pjbqicdy9wq2hefy34uta | L271: Both | M271: Precip Dependent | N271: TAF
B272: CALSIM | C272: AWO_04_PA2 | D272: APPLIED-WATER | E272: 1MON | F272: L2020A | G272: =_xlfn.CONCAT(C272,"/",D272) -> AWO_04_PA2/APPLIED-WATER | H272: CalSimHydro Model | I272: https://cadwr.box.com/s/2rlje06p169pjbqicdy9wq2hefy34uta | L272: Both | M272: Precip Dependent | N272: TAF
B273: CALSIM | C273: AWO_05_NA | D273: APPLIED-WATER | E273: 1MON | F273: L2020A | G273: =_xlfn.CONCAT(C273,"/",D273) -> AWO_05_NA/APPLIED-WATER | H273: CalSimHydro Model | I273: https://cadwr.box.com/s/2rlje06p169pjbqicdy9wq2hefy34uta | L273: Both | M273: Precip Dependent | N273: TAF
B274: CALSIM | C274: AWO_06_NA | D274: APPLIED-WATER | E274: 1MON | F274: L2020A | G274: =_xlfn.CONCAT(C274,"/",D274) -> AWO_06_NA/APPLIED-WATER | H274: CalSimHydro Model | I274: https://cadwr.box.com/s/2rlje06p169pjbqicdy9wq2hefy34uta | L274: Both | M274: Precip Dependent | N274: TAF
B275: CALSIM | C275: AWO_06_PA | D275: APPLIED-WATER | E275: 1MON | F275: L2020A | G275: =_xlfn.CONCAT(C275,"/",D275) -> AWO_06_PA/APPLIED-WATER | H275: CalSimHydro Model | I275: https://cadwr.box.com/s/2rlje06p169pjbqicdy9wq2hefy34uta | L275: Both | M275: Precip Dependent | N275: TAF
... B385: CALSIM | C385: AWO_71_NA2 | D385: APPLIED-WATER | E385: 1MON | F385: L2020A | G385: =_xlfn.CONCAT(C385,"/",D385) -> AWO_71_NA2/APPLIED-WATER | H385: CalSimHydro Model | I385: https://cadwr.box.com/s/2rlje06p169pjbqicdy9wq2hefy34uta | L385: Both | M385: Precip Dependent | N385: TAF
B386: CALSIM | C386: AWO_71_NA3 | D386: APPLIED-WATER | E386: 1MON | F386: L2020A | G386: =_xlfn.CONCAT(C386,"/",D386) -> AWO_71_NA3/APPLIED-WATER | H386: CalSimHydro Model | I386: https://cadwr.box.com/s/2rlje06p169pjbqicdy9wq2hefy34uta | L386: Both | N386: TAF
B387: CALSIM | C387: AWO_71_PA1 | D387: APPLIED-WATER | E387: 1MON | F387: L2020A | G387: =_xlfn.CONCAT(C387,"/",D387) -> AWO_71_PA1/APPLIED-WATER | H387: CalSimHydro Model | I387: https://cadwr.box.com/s/2rlje06p169pjbqicdy9wq2hefy34uta | L387: Both | M387: Precip Dependent | N387: TAF
B388: CALSIM | C388: AWO_71_PA2 | D388: APPLIED-WATER | E388: 1MON | F388: L2020A | G388: =_xlfn.CONCAT(C388,"/",D388) -> AWO_71_PA2/APPLIED-WATER | H388: CalSimHydro Model | I388: https://cadwr.box.com/s/2rlje06p169pjbqicdy9wq2hefy34uta | L388: Both | M388: Precip Dependent | N388: TAF
B389: CALSIM | C389: AWO_71_PA3 | D389: APPLIED-WATER | E389: 1MON | F389: L2020A | G389: =_xlfn.CONCAT(C389,"/",D389) -> AWO_71_PA3/APPLIED-WATER | H389: CalSimHydro Model | I389: https://cadwr.box.com/s/2rlje06p169pjbqicdy9wq2hefy34uta | L389: Both | M389: Precip Dependent | N389: TAF
B390: CALSIM | C390: AWO_71_PA4 | D390: APPLIED-WATER | E390: 1MON | F390: L2020A | G390: =_xlfn.CONCAT(C390,"/",D390) -> AWO_71_PA4/APPLIED-WATER | H390: CalSimHydro Model | I390: https://cadwr.box.com/s/2rlje06p169pjbqicdy9wq2hefy34uta | L390: Both | M390: Precip Dependent | N390: TAF
B391: CALSIM | C391: AWO_71_PA5 | D391: APPLIED-WATER | E391: 1MON | F391: L2020A | G391: =_xlfn.CONCAT(C391,"/",D391) -> AWO_71_PA5/APPLIED-WATER | H391: CalSimHydro Model | I391: https://cadwr.box.com/s/2rlje06p169pjbqicdy9wq2hefy34uta | L391: Both | M391: Precip Dependent | N391: TAF
B392: CALSIM | C392: AWO_71_PA6 | D392: APPLIED-WATER | E392: 1MON | F392: L2020A | G392: =_xlfn.CONCAT(C392,"/",D392) -> AWO_71_PA6/APPLIED-WATER | H392: CalSimHydro Model | I392: https://cadwr.box.com/s/2rlje06p169pjbqicdy9wq2hefy34uta | L392: Both | M392: Precip Dependent | N392: TAF
B393: CALSIM | C393: AWO_71_PA7 | D393: APPLIED-WATER | E393: 1MON | F393: L2020A | G393: =_xlfn.CONCAT(C393,"/",D393) -> AWO_71_PA7/APPLIED-WATER | H393: CalSimHydro Model | I393: https://cadwr.box.com/s/2rlje06p169pjbqicdy9wq2hefy34uta | L393: Both | N393: TAF
B394: CALSIM | C394: AWO_71_PA8 | D394: APPLIED-WATER | E394: 1MON | F394: L2020A | G394: =_xlfn.CONCAT(C394,"/",D394) -> AWO_71_PA8/APPLIED-WATER | H394: CalSimHydro Model | I394: https://cadwr.box.com/s/2rlje06p169pjbqicdy9wq2hefy34uta | L394: Both | M394: Precip Dependent | N394: TAF
B395: CALSIM | C395: AWO_72_NA1 | D395: APPLIED-WATER | E395: 1MON | F395: L2020A | G395: =_xlfn.CONCAT(C395,"/",D395) -> AWO_72_NA1/APPLIED-WATER | H395: CalSimHydro Model | I395: https://cadwr.box.com/s/2rlje06p169pjbqicdy9wq2hefy34uta | L395: Both | M395: Precip Dependent | N395: TAF
B396: CALSIM | C396: AWO_72_NA2 | D396: APPLIED-WATER | E396: 1MON | F396: L2020A | G396: =_xlfn.CONCAT(C396,"/",D396) -> AWO_72_NA2/APPLIED-WATER | H396: CalSimHydro Model | I396: https://cadwr.box.com/s/2rlje06p169pjbqicdy9wq2hefy34uta | L396: Both | M396: Precip Dependent | N396: TAF
B397: CALSIM | C397: AWO_72_PA | D397: APPLIED-WATER | E397: 1MON | F397: L2020A | G397: =_xlfn.CONCAT(C397,"/",D397) -> AWO_72_PA/APPLIED-WATER | H397: CalSimHydro Model | I397: https://cadwr.box.com/s/2rlje06p169pjbqicdy9wq2hefy34uta | L397: Both | M397: Precip Dependent | N397: TAF
B398: CALSIM | C398: AWO_72_PR1 | D398: APPLIED-WATER | E398: 1MON | F398: L2020A | G398: =_xlfn.CONCAT(C398,"/",D398) -> AWO_72_PR1/APPLIED-WATER | H398: CalSimHydro Model | I398: https://cadwr.box.com/s/2rlje06p169pjbqicdy9wq2hefy34uta | L398: Both | M398: Precip Dependent | N398: TAF
B399: CALSIM | C399: AWO_72_PR2 | D399: APPLIED-WATER | E399: 1MON | F399: L2020A | G399: =_xlfn.CONCAT(C399,"/",D399) -> AWO_72_PR2/APPLIED-WATER | H399: CalSimHydro Model | I399: https://cadwr.box.com/s/2rlje06p169pjbqicdy9wq2hefy34uta | L399: Both | M399: Precip Dependent | N399: TAF
B400: CALSIM | C400: AWO_72_PR3 | D400: APPLIED-WATER | E400: 1MON | F400: L2020A | G400: =_xlfn.CONCAT(C400,"/",D400) -> AWO_72_PR3/APPLIED-WATER | H400: CalSimHydro Model | I400: https://cadwr.box.com/s/2rlje06p169pjbqicdy9wq2hefy34uta | L400: Both | M400: Precip Dependent | N400: TAF
B401: CALSIM | C401: AWO_72_PR4 | D401: APPLIED-WATER | E401: 1MON | F401: L2020A | G401: =_xlfn.CONCAT(C401,"/",D401) -> AWO_72_PR4/APPLIED-WATER | H401: CalSimHydro Model | I401: https://cadwr.box.com/s/2rlje06p169pjbqicdy9wq2hefy34uta | L401: Both | M401: Precip Dependent | N401: TAF
B402: CALSIM | C402: AWO_72_PR5 | D402: APPLIED-WATER | E402: 1MON | F402: L2020A | G402: =_xlfn.CONCAT(C402,"/",D402) -> AWO_72_PR5/APPLIED-WATER | H402: CalSimHydro Model | I402: https://cadwr.box.com/s/2rlje06p169pjbqicdy9wq2hefy34uta | L402: Both | M402: Precip Dependent | N402: TAF
B403: CALSIM | C403: AWO_72_PR6 | D403: APPLIED-WATER | E403: 1MON | F403: L2020A | G403: =_xlfn.CONCAT(C403,"/",D403) -> AWO_72_PR6/APPLIED-WATER | H403: CalSimHydro Model | I403: https://cadwr.box.com/s/2rlje06p169pjbqicdy9wq2hefy34uta | L403: Both | M403: Precip Dependent | N403: TAF
B404: CALSIM | C404: AWO_72_XA1 | D404: APPLIED-WATER | E404: 1MON | F404: L2020A | G404: =_xlfn.CONCAT(C404,"/",D404) -> AWO_72_XA1/APPLIED-WATER | H404: CalSimHydro Model | I404: https://cadwr.box.com/s/2rlje06p169pjbqicdy9wq2hefy34uta | L404: Both | M404: Precip Dependent | N404: TAF
B405: CALSIM | C405: AWO_72_XA2 | D405: APPLIED-WATER | E405: 1MON | F405: L2020A | G405: =_xlfn.CONCAT(C405,"/",D405) -> AWO_72_XA2/APPLIED-WATER | H405: CalSimHydro Model | I405: https://cadwr.box.com/s/2rlje06p169pjbqicdy9wq2hefy34uta | L405: Both | M405: Precip Dependent | N405: TAF
... B411: CALSIM | C411: AWO_73_XA | D411: APPLIED-WATER | E411: 1MON | F411: L2020A | G411: =_xlfn.CONCAT(C411,"/",D411) -> AWO_73_XA/APPLIED-WATER | H411: CalSimHydro Model | I411: https://cadwr.box.com/s/2rlje06p169pjbqicdy9wq2hefy34uta | L411: Both | M411: Precip Dependent | N411: TAF
B412: CALSIM | C412: AWO_90_NA | D412: APPLIED-WATER | E412: 1MON | F412: L2020A | G412: =_xlfn.CONCAT(C412,"/",D412) -> AWO_90_NA/APPLIED-WATER | H412: CalSimHydro Model | I412: https://cadwr.box.com/s/2rlje06p169pjbqicdy9wq2hefy34uta | L412: Both | N412: TAF
B413: CALSIM | C413: AWO_90_PA1 | D413: APPLIED-WATER | E413: 1MON | F413: L2020A | G413: =_xlfn.CONCAT(C413,"/",D413) -> AWO_90_PA1/APPLIED-WATER | H413: CalSimHydro Model | I413: https://cadwr.box.com/s/2rlje06p169pjbqicdy9wq2hefy34uta | L413: Both | M413: Precip Dependent | N413: TAF
B414: CALSIM | C414: AWO_90_PA2 | D414: APPLIED-WATER | E414: 1MON | F414: L2020A | G414: =_xlfn.CONCAT(C414,"/",D414) -> AWO_90_PA2/APPLIED-WATER | H414: CalSimHydro Model | I414: https://cadwr.box.com/s/2rlje06p169pjbqicdy9wq2hefy34uta | L414: Both | M414: Precip Dependent | N414: TAF
B415: CALSIM | C415: AWO_91_PA | D415: APPLIED-WATER | E415: 1MON | F415: L2020A | G415: =_xlfn.CONCAT(C415,"/",D415) -> AWO_91_PA/APPLIED-WATER | H415: CalSimHydro Model | I415: https://cadwr.box.com/s/2rlje06p169pjbqicdy9wq2hefy34uta | L415: Both | M415: Precip Dependent | N415: TAF
B416: CALSIM | C416: AWO_91_PR | D416: APPLIED-WATER | E416: 1MON | F416: L2020A | G416: =_xlfn.CONCAT(C416,"/",D416) -> AWO_91_PR/APPLIED-WATER | H416: CalSimHydro Model | I416: https://cadwr.box.com/s/2rlje06p169pjbqicdy9wq2hefy34uta | L416: Both | M416: Precip Dependent | N416: TAF
B417: CALSIM | C417: AWR_02_NA | D417: APPLIED-WATER | E417: 1MON | F417: L2020A | G417: =_xlfn.CONCAT(C417,"/",D417) -> AWR_02_NA/APPLIED-WATER | H417: CalSimHydro Model | I417: https://cadwr.box.com/s/2rlje06p169pjbqicdy9wq2hefy34uta | L417: Both | M417: Precip Dependent | N417: TAF
B418: CALSIM | C418: AWR_02_PA | D418: APPLIED-WATER | E418: 1MON | F418: L2020A | G418: =_xlfn.CONCAT(C418,"/",D418) -> AWR_02_PA/APPLIED-WATER | H418: CalSimHydro Model | I418: https://cadwr.box.com/s/2rlje06p169pjbqicdy9wq2hefy34uta | L418: Both | M418: Precip Dependent | N418: TAF
B419: CALSIM | C419: AWR_02_SA | D419: APPLIED-WATER | E419: 1MON | F419: L2020A | G419: =_xlfn.CONCAT(C419,"/",D419) -> AWR_02_SA/APPLIED-WATER | H419: CalSimHydro Model | I419: https://cadwr.box.com/s/2rlje06p169pjbqicdy9wq2hefy34uta | L419: Both | M419: Precip Dependent | N419: TAF
B420: CALSIM | C420: AWR_03_NA | D420: APPLIED-WATER | E420: 1MON | F420: L2020A | G420: =_xlfn.CONCAT(C420,"/",D420) -> AWR_03_NA/APPLIED-WATER | H420: CalSimHydro Model | I420: https://cadwr.box.com/s/2rlje06p169pjbqicdy9wq2hefy34uta | L420: Both | M420: Precip Dependent | N420: TAF
B421: CALSIM | C421: AWR_03_PA | D421: APPLIED-WATER | E421: 1MON | F421: L2020A | G421: =_xlfn.CONCAT(C421,"/",D421) -> AWR_03_PA/APPLIED-WATER | H421: CalSimHydro Model | I421: https://cadwr.box.com/s/2rlje06p169pjbqicdy9wq2hefy34uta | L421: Both | M421: Precip Dependent | N421: TAF
B422: CALSIM | C422: AWR_03_SA | D422: APPLIED-WATER | E422: 1MON | F422: L2020A | G422: =_xlfn.CONCAT(C422,"/",D422) -> AWR_03_SA/APPLIED-WATER | H422: CalSimHydro Model | I422: https://cadwr.box.com/s/2rlje06p169pjbqicdy9wq2hefy34uta | L422: Both | M422: Precip Dependent | N422: TAF
B423: CALSIM | C423: AWR_04_NA | D423: APPLIED-WATER | E423: 1MON | F423: L2020A | G423: =_xlfn.CONCAT(C423,"/",D423) -> AWR_04_NA/APPLIED-WATER | H423: CalSimHydro Model | I423: https://cadwr.box.com/s/2rlje06p169pjbqicdy9wq2hefy34uta | L423: Both | M423: Precip Dependent | N423: TAF
...

Sheet MASTER
B2: A | C2: B | D2: C | E2: D | F2: E | G2: F | H2: UID | I2: Input_Category | J2: CS3 SV Composer | K2: Missing | L2: Constant/Rept | M2: Used in DCR | N2: Input Basis | O2: Input Procedure | P2: R2
B3: CALSIM | C3: AWO_02_NA | D3: APPLIED-WATER | E3: * | F3: 1MON | G3: L2020A | H3: =_xlfn.CONCAT(C3,"/",D3) -> AWO_02_NA/APPLIED-WATER | I3: CalSimHydro | J3: =VLOOKUP(Table1[[#This Row],[UID]],CS3SVComposerConfig!$B$3:$D$1808,3,FALSE) -> CS3L2015V0Hydro_SV.dss | K3: F | L3: F | M3: T | N3: WGEN | O3: Model | P3: N/A
B4: CALSIM | C4: AWO_02_PA | D4: APPLIED-WATER | E4: * | F4: 1MON | G4: L2020A | H4: =_xlfn.CONCAT(C4,"/",D4) -> AWO_02_PA/APPLIED-WATER | I4: CalSimHydro | J4: =VLOOKUP(Table1[[#This Row],[UID]],CS3SVComposerConfig!$B$3:$D$1808,3,FALSE) -> CS3L2015V0Hydro_SV.dss | K4: F | L4: F | M4: T | N4: WGEN | O4: Model | P4: N/A
B5: CALSIM | C5: AWO_02_SA | D5: APPLIED-WATER | E5: * | F5: 1MON | G5: L2020A | H5: =_xlfn.CONCAT(C5,"/",D5) -> AWO_02_SA/APPLIED-WATER | I5: CalSimHydro | J5: =VLOOKUP(Table1[[#This Row],[UID]],CS3SVComposerConfig!$B$3:$D$1808,3,FALSE) -> CS3L2015V0Hydro_SV.dss | K5: F | L5: F | M5: T | N5: WGEN | O5: Model | P5: N/A
B6: CALSIM | C6: AWO_03_NA | D6: APPLIED-WATER | E6: * | F6: 1MON | G6: L2020A | H6: =_xlfn.CONCAT(C6,"/",D6) -> AWO_03_NA/APPLIED-WATER | I6: CalSimHydro | J6: =VLOOKUP(Table1[[#This Row],[UID]],CS3SVComposerConfig!$B$3:$D$1808,3,FALSE) -> CS3L2015V0Hydro_SV.dss | K6: F | L6: F | M6: T | N6: WGEN | O6: Model | P6: N/A
B7: CALSIM | C7: AWO_03_PA | D7: APPLIED-WATER | E7: * | F7: 1MON | G7: L2020A | H7: =_xlfn.CONCAT(C7,"/",D7) -> AWO_03_PA/APPLIED-WATER | I7: CalSimHydro | J7: =VLOOKUP(Table1[[#This Row],[UID]],CS3SVComposerConfig!$B$3:$D$1808,3,FALSE) -> CS3L2015V0Hydro_SV.dss | K7: F | L7: F | M7: T | N7: WGEN | O7: Model | P7: N/A
B8: CALSIM | C8: AWO_03_SA | D8: APPLIED-WATER | E8: * | F8: 1MON | G8: L2020A | H8: =_xlfn.CONCAT(C8,"/",D8) -> AWO_03_SA/APPLIED-WATER | I8: CalSimHydro | J8: =VLOOKUP(Table1[[#This Row],[UID]],CS3SVComposerConfig!$B$3:$D$1808,3,FALSE) -> CS3L2015V0Hydro_SV.dss | K8: F | L8: F | M8: T | N8: WGEN | O8: Model | P8: N/A
B9: CALSIM | C9: AWO_04_NA | D9: APPLIED-WATER | E9: * | F9: 1MON | G9: L2020A | H9: =_xlfn.CONCAT(C9,"/",D9) -> AWO_04_NA/APPLIED-WATER | I9: CalSimHydro | J9: =VLOOKUP(Table1[[#This Row],[UID]],CS3SVComposerConfig!$B$3:$D$1808,3,FALSE) -> CS3L2015V0Hydro_SV.dss | K9: F | L9: F | M9: T | N9: WGEN | O9: Model | P9: N/A
B10: CALSIM | C10: AWO_04_PA1 | D10: APPLIED-WATER | E10: * | F10: 1MON | G10: L2020A | H10: =_xlfn.CONCAT(C10,"/",D10) -> AWO_04_PA1/APPLIED-WATER | I10: CalSimHydro | J10: =VLOOKUP(Table1[[#This Row],[UID]],CS3SVComposerConfig!$B$3:$D$1808,3,FALSE) -> CS3L2015V0Hydro_SV.dss | K10: F | L10: F | M10: T | N10: WGEN | O10: Model | P10: N/A
B11: CALSIM | C11: AWO_04_PA2 | D11: APPLIED-WATER | E11: * | F11: 1MON | G11: L2020A | H11: =_xlfn.CONCAT(C11,"/",D11) -> AWO_04_PA2/APPLIED-WATER | I11: CalSimHydro | J11: =VLOOKUP(Table1[[#This Row],[UID]],CS3SVComposerConfig!$B$3:$D$1808,3,FALSE) -> CS3L2015V0Hydro_SV.dss | K11: F | L11: F | M11: T | N11: WGEN | O11: Model | P11: N/A
B12: CALSIM | C12: AWO_05_NA | D12: APPLIED-WATER | E12: * | F12: 1MON | G12: L2020A | H12: =_xlfn.CONCAT(C12,"/",D12) -> AWO_05_NA/APPLIED-WATER | I12: CalSimHydro | J12: =VLOOKUP(Table1[[#This Row],[UID]],CS3SVComposerConfig!$B$3:$D$1808,3,FALSE) -> CS3L2015V0Hydro_SV.dss | K12: F | L12: F | M12: T | N12: WGEN | O12: Model | P12: N/A
B13: CALSIM | C13: AWO_06_NA | D13: APPLIED-WATER | E13: * | F13: 1MON | G13: L2020A | H13: =_xlfn.CONCAT(C13,"/",D13) -> AWO_06_NA/APPLIED-WATER | I13: CalSimHydro | J13: =VLOOKUP(Table1[[#This Row],[UID]],CS3SVComposerConfig!$B$3:$D$1808,3,FALSE) -> CS3L2015V0Hydro_SV.dss | K13: F | L13: F | M13: T | N13: WGEN | O13: Model | P13: N/A
B14: CALSIM | C14: AWO_06_PA | D14: APPLIED-WATER | E14: * | F14: 1MON | G14: L2020A | H14: =_xlfn.CONCAT(C14,"/",D14) -> AWO_06_PA/APPLIED-WATER | I14: CalSimHydro | J14: =VLOOKUP(Table1[[#This Row],[UID]],CS3SVComposerConfig!$B$3:$D$1808,3,FALSE) -> CS3L2015V0Hydro_SV.dss | K14: F | L14: F | M14: T | N14: WGEN | O14: Model | P14: N/A
... B848: CALSIM | C848: CT_YOLO_SV | D848: CLOSURE-TERM | E848: * | F848: 1MON | G848: L2020A | H848: =_xlfn.CONCAT(C848,"/",D848) -> CT_YOLO_SV/CLOSURE-TERM | I848: Closure Terms | J848: =VLOOKUP(Table1[[#This Row],[UID]],CS3SVComposerConfig!$B$3:$D$1808,3,FALSE) -> ClosureTerms.dss | K848: T | L848: F | M848: T | N848: N/A | O848: N/A | P848: N/A
B849: CALSIM | C849: DAY1 | D849: VOL-FRACTION | E849: * | F849: 1MON | G849: L2020A | H849: =_xlfn.CONCAT(C849,"/",D849) -> DAY1/VOL-FRACTION | I849: Day-Volume Fraction | J849: =VLOOKUP(Table1[[#This Row],[UID]],CS3SVComposerConfig!$B$3:$D$1808,3,FALSE) -> DCR2023_SV_Danube_Hist_v3.dss | K849: F | L849: F | M849: T | N849: VIC | O849: Bootstrapping | P849: 0
B850: CALSIM | C850: DAY10 | D850: VOL-FRACTION | E850: * | F850: 1MON | G850: L2020A | H850: =_xlfn.CONCAT(C850,"/",D850) -> DAY10/VOL-FRACTION | I850: Day-Volume Fraction | J850: =VLOOKUP(Table1[[#This Row],[UID]],CS3SVComposerConfig!$B$3:$D$1808,3,FALSE) -> DCR2023_SV_Danube_Hist_v3.dss | K850: F | L850: F | M850: T | N850: VIC | O850: Bootstrapping | P850: 0
B851: CALSIM | C851: DAY11 | D851: VOL-FRACTION | E851: * | F851: 1MON | G851: L2020A | H851: =_xlfn.CONCAT(C851,"/",D851) -> DAY11/VOL-FRACTION | I851: Day-Volume Fraction | J851: =VLOOKUP(Table1[[#This Row],[UID]],CS3SVComposerConfig!$B$3:$D$1808,3,FALSE) -> DCR2023_SV_Danube_Hist_v3.dss | K851: F | L851: F | M851: T | N851: VIC | O851: Bootstrapping | P851: 0
B852: CALSIM | C852: DAY12 | D852: VOL-FRACTION | E852: * | F852: 1MON | G852: L2020A | H852: =_xlfn.CONCAT(C852,"/",D852) -> DAY12/VOL-FRACTION | I852: Day-Volume Fraction | J852: =VLOOKUP(Table1[[#This Row],[UID]],CS3SVComposerConfig!$B$3:$D$1808,3,FALSE) -> DCR2023_SV_Danube_Hist_v3.dss | K852: F | L852: F | M852: T | N852: VIC | O852: Bootstrapping | P852: 0
B853: CALSIM | C853: DAY13 | D853: VOL-FRACTION | E853: * | F853: 1MON | G853: L2020A | H853: =_xlfn.CONCAT(C853,"/",D853) -> DAY13/VOL-FRACTION | I853: Day-Volume Fraction | J853: =VLOOKUP(Table1[[#This Row],[UID]],CS3SVComposerConfig!$B$3:$D$1808,3,FALSE) -> DCR2023_SV_Danube_Hist_v3.dss | K853: F | L853: F | M853: T | N853: VIC | O853: Bootstrapping | P853: 0
B854: CALSIM | C854: DAY14 | D854: VOL-FRACTION | E854: * | F854: 1MON | G854: L2020A | H854: =_xlfn.CONCAT(C854,"/",D854) -> DAY14/VOL-FRACTION | I854: Day-Volume Fraction | J854: =VLOOKUP(Table1[[#This Row],[UID]],CS3SVComposerConfig!$B$3:$D$1808,3,FALSE) -> DCR2023_SV_Danube_Hist_v3.dss | K854: F | L854: F | M854: T | N854: VIC | O854: Bootstrapping | P854: 0
B855: CALSIM | C855: DAY15 | D855: VOL-FRACTION | E855: * | F855: 1MON | G855: L2020A | H855: =_xlfn.CONCAT(C855,"/",D855) -> DAY15/VOL-FRACTION | I855: Day-Volume Fraction | J855: =VLOOKUP(Table1[[#This Row],[UID]],CS3SVComposerConfig!$B$3:$D$1808,3,FALSE) -> DCR2023_SV_Danube_Hist_v3.dss | K855: F | L855: F | M855: T | N855: VIC | O855: Bootstrapping | P855: 0
B856: CALSIM | C856: DAY16 | D856: VOL-FRACTION | E856: * | F856: 1MON | G856: L2020A | H856: =_xlfn.CONCAT(C856,"/",D856) -> DAY16/VOL-FRACTION | I856: Day-Volume Fraction | J856: =VLOOKUP(Table1[[#This Row],[UID]],CS3SVComposerConfig!$B$3:$D$1808,3,FALSE) -> DCR2023_SV_Danube_Hist_v3.dss | K856: F | L856: F | M856: T | N856: VIC | O856: Bootstrapping | P856: 0
B857: CALSIM | C857: DAY17 | D857: VOL-FRACTION | E857: * | F857: 1MON | G857: L2020A | H857: =_xlfn.CONCAT(C857,"/",D857) -> DAY17/VOL-FRACTION | I857: Day-Volume Fraction | J857: =VLOOKUP(Table1[[#This Row],[UID]],CS3SVComposerConfig!$B$3:$D$1808,3,FALSE) -> DCR2023_SV_Danube_Hist_v3.dss | K857: F | L857: F | M857: T | N857: VIC | O857: Bootstrapping | P857: 0
B858: CALSIM | C858: DAY18 | D858: VOL-FRACTION | E858: * | F858: 1MON | G858: L2020A | H858: =_xlfn.CONCAT(C858,"/",D858) -> DAY18/VOL-FRACTION | I858: Day-Volume Fraction | J858: =VLOOKUP(Table1[[#This Row],[UID]],CS3SVComposerConfig!$B$3:$D$1808,3,FALSE) -> DCR2023_SV_Danube_Hist_v3.dss | K858: F | L858: F | M858: T | N858: VIC | O858: Bootstrapping | P858: 0
B859: CALSIM | C859: DAY19 | D859: VOL-FRACTION | E859: * | F859: 1MON | G859: L2020A | H859: =_xlfn.CONCAT(C859,"/",D859) -> DAY19/VOL-FRACTION | I859: Day-Volume Fraction | J859: =VLOOKUP(Table1[[#This Row],[UID]],CS3SVComposerConfig!$B$3:$D$1808,3,FALSE) -> DCR2023_SV_Danube_Hist_v3.dss | K859: F | L859: F | M859: T | N859: VIC | O859: Bootstrapping | P859: 0
B860: CALSIM | C860: DAY2 | D860: VOL-FRACTION | E860: * | F860: 1MON | G860: L2020A | H860: =_xlfn.CONCAT(C860,"/",D860) -> DAY2/VOL-FRACTION | I860: Day-Volume Fraction | J860: =VLOOKUP(Table1[[#This Row],[UID]],CS3SVComposerConfig!$B$3:$D$1808,3,FALSE) -> DCR2023_SV_Danube_Hist_v3.dss | K860: F | L860: F | M860: T | N860: VIC | O860: Bootstrapping | P860: 0
... B879: CALSIM | C879: DAY9 | D879: VOL-FRACTION | E879: * | F879: 1MON | G879: L2020A | H879: =_xlfn.CONCAT(C879,"/",D879) -> DAY9/VOL-FRACTION | I879: Day-Volume Fraction | J879: =VLOOKUP(Table1[[#This Row],[UID]],CS3SVComposerConfig!$B$3:$D$1808,3,FALSE) -> DCR2023_SV_Danube_Hist_v3.dss | K879: F | L879: F | M879: T | N879: VIC | O879: Bootstrapping | P879: 0
B880: CALSIM | C880: DP_DELTA_DCD | D880: DP-FLOW | E880: * | F880: 1MON | G880: L2020A | H880: =_xlfn.CONCAT(C880,"/",D880) -> DP_DELTA_DCD/DP-FLOW | I880: Delta Channel Depletion | J880: =VLOOKUP(Table1[[#This Row],[UID]],CS3SVComposerConfig!$B$3:$D$1808,3,FALSE) -> DCD_island_month.dss | K880: F | L880: F | M880: T | N880: WGEN | O880: Model | P880: N/A
B881: CALSIM | C881: DP_WBA50_DCD | D881: DP-FLOW | E881: * | F881: 1MON | G881: L2020A | H881: =_xlfn.CONCAT(C881,"/",D881) -> DP_WBA50_DCD/DP-FLOW | I881: Delta Channel Depletion | J881: =VLOOKUP(Table1[[#This Row],[UID]],CS3SVComposerConfig!$B$3:$D$1808,3,FALSE) -> DCD_island_month.dss | K881: F | L881: F | M881: T | N881: WGEN | O881: Model | P881: N/A
B882: CALSIM | C882: DRN_50_PA2 | D882: DRN | E882: * | F882: 1MON | G882: L2020A | H882: =_xlfn.CONCAT(C882,"/",D882) -> DRN_50_PA2/DRN | I882: Delta Channel Depletion | J882: =VLOOKUP(Table1[[#This Row],[UID]],CS3SVComposerConfig!$B$3:$D$1808,3,FALSE) -> DCD_island_month.dss | K882: F | L882: F | M882: T | N882: WGEN | O882: Model | P882: N/A
B883: CALSIM | C883: DRN_MOK | D883: DRN | E883: * | F883: 1MON | G883: L2020A | H883: =_xlfn.CONCAT(C883,"/",D883) -> DRN_MOK/DRN | I883: Delta Channel Depletion | J883: =VLOOKUP(Table1[[#This Row],[UID]],CS3SVComposerConfig!$B$3:$D$1808,3,FALSE) -> DCD_island_month.dss | K883: F | L883: F | M883: T | N883: WGEN | O883: Model | P883: N/A
B884: CALSIM | C884: DRN_OMR | D884: DRN | E884: * | F884: 1MON | G884: L2020A | H884: =_xlfn.CONCAT(C884,"/",D884) -> DRN_OMR/DRN | I884: Delta Channel Depletion | J884: =VLOOKUP(Table1[[#This Row],[UID]],CS3SVComposerConfig!$B$3:$D$1808,3,FALSE) -> DCD_island_month.dss | K884: F | L884: F | M884: T | N884: WGEN | O884: Model | P884: N/A
B885: CALSIM | C885: DRN_SAC_NORTH | D885: DRN | E885: * | F885: 1MON | G885: L2020A | H885: =_xlfn.CONCAT(C885,"/",D885) -> DRN_SAC_NORTH/DRN | I885: Delta Channel Depletion | J885: =VLOOKUP(Table1[[#This Row],[UID]],CS3SVComposerConfig!$B$3:$D$1808,3,FALSE) -> DCD_island_month.dss | K885: F | L885: F | M885: T | N885: WGEN | O885: Model | P885: N/A
B886: CALSIM | C886: DRN_SAC_SOUTH | D886: DRN | E886: * | F886: 1MON | G886: L2020A | H886: =_xlfn.CONCAT(C886,"/",D886) -> DRN_SAC_SOUTH/DRN | I886: Delta Channel Depletion | J886: =VLOOKUP(Table1[[#This Row],[UID]],CS3SVComposerConfig!$B$3:$D$1808,3,FALSE) -> DCD_island_month.dss | K886: F | L886: F | M886: T | N886: WGEN | O886: Model | P886: N/A
B887: CALSIM | C887: DRN_SAC_WEST | D887: DRN | E887: * | F887: 1MON | G887: L2020A | H887: =_xlfn.CONCAT(C887,"/",D887) -> DRN_SAC_WEST/DRN | I887: Delta Channel Depletion | J887: =VLOOKUP(Table1[[#This Row],[UID]],CS3SVComposerConfig!$B$3:$D$1808,3,FALSE) -> DCD_island_month.dss | K887: F | L887: F | M887: T | N887: WGEN | O887: Model | P887: N/A
B888: CALSIM | C888: DRN_SJR_EAST | D888: DRN | E888: * | F888: 1MON | G888: L2020A | H888: =_xlfn.CONCAT(C888,"/",D888) -> DRN_SJR_EAST/DRN | I888: Delta Channel Depletion | J888: =VLOOKUP(Table1[[#This Row],[UID]],CS3SVComposerConfig!$B$3:$D$1808,3,FALSE) -> DCD_island_month.dss | K888: F | L888: F | M888: T | N888: WGEN | O888: Model | P888: N/A
B889: CALSIM | C889: DRN_SJR_WEST | D889: DRN | E889: * | F889: 1MON | G889: L2020A | H889: =_xlfn.CONCAT(C889,"/",D889) -> DRN_SJR_WEST/DRN | I889: Delta Channel Depletion | J889: =VLOOKUP(Table1[[#This Row],[UID]],CS3SVComposerConfig!$B$3:$D$1808,3,FALSE) -> DCD_island_month.dss | K889: F | L889: F | M889: T | N889: WGEN | O889: Model | P889: N/A
B890: CALSIM | C890: GW_DELTA_DCD | D890: GW-FLOW | E890: * | F890: 1MON | G890: L2020A | H890: =_xlfn.CONCAT(C890,"/",D890) -> GW_DELTA_DCD/GW-FLOW | I890: Delta Channel Depletion | J890: =VLOOKUP(Table1[[#This Row],[UID]],CS3SVComposerConfig!$B$3:$D$1808,3,FALSE) -> DCD_island_month.dss | K890: F | L890: F | M890: T | N890: WGEN | O890: Model | P890: N/A
B891: CALSIM | C891: GW_WBA50_DCD | D891: GW-FLOW | E891: * | F891: 1MON | G891: L2020A | H891: =_xlfn.CONCAT(C891,"/",D891) -> GW_WBA50_DCD/GW-FLOW | I891: Delta Channel Depletion | J891: =VLOOKUP(Table1[[#This Row],[UID]],CS3SVComposerConfig!$B$3:$D$1808,3,FALSE) -> DCD_island_month.dss | K891: F | L891: F | M891: T | N891: WGEN | O891: Model | P891: N/A
... B908: CALSIM | C908: MF_KSWCK | D908: FLOW-MIN-REQUIRED | E908: * | F908: 1MON | G908: L2020A | H908: =_xlfn.CONCAT(C908,"/",D908) -> MF_KSWCK/FLOW-MIN-REQUIRED | I908: Instream Flows | J908: =VLOOKUP(Table1[[#This Row],[UID]],CS3SVComposerConfig!$B$3:$D$1808,3,FALSE) -> DCR2023_SV_Danube_Hist_v3.dss | K908: F | L908: T | M908: T | N908: Copy | O908: Copy | P908: N/A
B909: CALSIM | C909: MINFLOWFEATHER | D909: FLOW-MIN-REQUIRED | E909: * | F909: 1MON | G909: L2020A | H909: =_xlfn.CONCAT(C909,"/",D909) -> MINFLOWFEATHER/FLOW-MIN-REQUIRED | I909: Instream Flows | J909: =VLOOKUP(Table1[[#This Row],[UID]],CS3SVComposerConfig!$B$3:$D$1808,3,FALSE) -> DCR2023_SV_Danube_Hist_v3.dss | K909: F | L909: F | M909: T | N909: VIC | O909: Python | P909: 0.89
B910: CALSIM | C910: REST_RCH_NP | D910: REST_FLOW | E910: * | F910: 1MON | G910: L2020A | H910: =_xlfn.CONCAT(C910,"/",D910) -> REST_RCH_NP/REST_FLOW | I910: Instream Flows | J910: =VLOOKUP(Table1[[#This Row],[UID]],CS3SVComposerConfig!$B$3:$D$1808,3,FALSE) -> DCR2023_SV_Danube_Hist_v3.dss | K910: F | L910: F | M910: F | N910: N/A | O910: N/A | P910: N/A
B911: CALSIM | C911: REST_RCH_P | D911: REST_FLOW | E911: * | F911: 1MON | G911: L2020A | H911: =_xlfn.CONCAT(C911,"/",D911) -> REST_RCH_P/REST_FLOW | I911: Instream Flows | J911: =VLOOKUP(Table1[[#This Row],[UID]],CS3SVComposerConfig!$B$3:$D$1808,3,FALSE) -> DCR2023_SV_Danube_Hist_v3.dss | K911: F | L911: F | M911: F | N911: N/A | O911: N/A | P911: N/A
B912: CALSIM | C912: REST_REQ_NP | D912: RELEASE-HYDROGRAPH | E912: * | F912: 1MON | G912: L2020A | H912: =_xlfn.CONCAT(C912,"/",D912) -> REST_REQ_NP/RELEASE-HYDROGRAPH | I912: Instream Flows | J912: =VLOOKUP(Table1[[#This Row],[UID]],CS3SVComposerConfig!$B$3:$D$1808,3,FALSE) -> DCR2023_SV_Danube_Hist_v3.dss | K912: F | L912: F | M912: T | N912: VIC | O912: Spreadsheet | P912: 0
B913: CALSIM | C913: REST_REQ_P | D913: RELEASE-HYDROGRAPH | E913: * | F913: 1MON | G913: L2020A | H913: =_xlfn.CONCAT(C913,"/",D913) -> REST_REQ_P/RELEASE-HYDROGRAPH | I913: Instream Flows | J913: =VLOOKUP(Table1[[#This Row],[UID]],CS3SVComposerConfig!$B$3:$D$1808,3,FALSE) -> DCR2023_SV_Danube_Hist_v3.dss | K913: F | L913: F | M913: T | N913: VIC | O913: Spreadsheet | P913: 0
B914: CALSIM | C914: APR_FORECAST_GOODYEAR_B120 | D914: FLOW | E914: * | F914: 1MON | G914: L2020A | H914: =_xlfn.CONCAT(C914,"/",D914) -> APR_FORECAST_GOODYEAR_B120/FLOW | I914: Other | J914: =VLOOKUP(Table1[[#This Row],[UID]],CS3SVComposerConfig!$B$3:$D$1808,3,FALSE) -> DCR2023_SV_Danube_Hist_v3.dss | K914: F | L914: F | M914: F | N914: N/A | O914: N/A | P914: N/A
B915: CALSIM | C915: APR_FORECAST_SMARTVILLE_B120 | D915: FLOW | E915: * | F915: 1MON | G915: L2020A | H915: =_xlfn.CONCAT(C915,"/",D915) -> APR_FORECAST_SMARTVILLE_B120/FLOW | I915: Other | J915: =VLOOKUP(Table1[[#This Row],[UID]],CS3SVComposerConfig!$B$3:$D$1808,3,FALSE) -> DCR2023_SV_Danube_Hist_v3.dss | K915: F | L915: F | M915: F | N915: N/A | O915: N/A | P915: N/A
B916: CALSIM | C916: AW_EDCOCA_NA1 | D916: AG-DEMAND | E916: * | F916: 1MON | G916: L2020A | H916: =_xlfn.CONCAT(C916,"/",D916) -> AW_EDCOCA_NA1/AG-DEMAND | I916: Other | J916: =VLOOKUP(Table1[[#This Row],[UID]],CS3SVComposerConfig!$B$3:$D$1808,3,FALSE) -> DCR2023_SV_Danube_Hist_v3.dss | K916: T | L916: F | M916: T | N916: N/A | O916: N/A | P916: N/A
B917: CALSIM | C917: AW_EDCOCA_NA2 | D917: AG-DEMAND | E917: * | F917: 1MON | G917: L2020A | H917: =_xlfn.CONCAT(C917,"/",D917) -> AW_EDCOCA_NA2/AG-DEMAND | I917: Other | J917: =VLOOKUP(Table1[[#This Row],[UID]],CS3SVComposerConfig!$B$3:$D$1808,3,FALSE) -> DCR2023_SV_Danube_Hist_v3.dss | K917: T | L917: F | M917: T | N917: N/A | O917: N/A | P917: N/A
B918: CALSIM | C918: AW_EDCOCA_NA3 | D918: AG-DEMAND | E918: * | F918: 1MON | G918: L2020A | H918: =_xlfn.CONCAT(C918,"/",D918) -> AW_EDCOCA_NA3/AG-DEMAND | I918: Other | J918: =VLOOKUP(Table1[[#This Row],[UID]],CS3SVComposerConfig!$B$3:$D$1808,3,FALSE) -> DCR2023_SV_Danube_Hist_v3.dss | K918: T | L918: F | M918: T | N918: N/A | O918: N/A | P918: N/A
B919: CALSIM | C919: AW_ELDID_NA1 | D919: AG-DEMAND | E919: * | F919: 1MON | G919: L2020A | H919: =_xlfn.CONCAT(C919,"/",D919) -> AW_ELDID_NA1/AG-DEMAND | I919: Other | J919: =VLOOKUP(Table1[[#This Row],[UID]],CS3SVComposerConfig!$B$3:$D$1808,3,FALSE) -> DCR2023_SV_Danube_Hist_v3.dss | K919: F | L919: T | M919: T | N919: Copy | O919: Copy | P919: N/A
B920: CALSIM | C920: AW_ELDID_NA2 | D920: AG-DEMAND | E920: * | F920: 1MON | G920: L2020A | H920: =_xlfn.CONCAT(C920,"/",D920) -> AW_ELDID_NA2/AG-DEMAND | I920: Other | J920: =VLOOKUP(Table1[[#This Row],[UID]],CS3SVComposerConfig!$B$3:$D$1808,3,FALSE) -> DCR2023_SV_Danube_Hist_v3.dss | K920: T | L920: F | M920: T | N920: N/A | O920: N/A | P920: N/A
B921: CALSIM | C921: AW_ELDID_NA3 | D921: AG-DEMAND | E921: * | F921: 1MON | G921: L2020A | H921: =_xlfn.CONCAT(C921,"/",D921) -> AW_ELDID_NA3/AG-DEMAND | I921: Other | J921: =VLOOKUP(Table1[[#This Row],[UID]],CS3SVComposerConfig!$B$3:$D$1808,3,FALSE) -> DCR2023_SV_Danube_Hist_v3.dss | K921: T | L921: F | M921: T | N921: N/A | O921: N/A | P921: N/A
B922: CALSIM | C922: AW_GDPUD_NA | D922: AG-DEMAND | E922: * | F922: 1MON | G922: L2020A | H922: =_xlfn.CONCAT(C922,"/",D922) -> AW_GDPUD_NA/AG-DEMAND | I922: Other | J922: =VLOOKUP(Table1[[#This Row],[UID]],CS3SVComposerConfig!$B$3:$D$1808,3,FALSE) -> DCR2023_SV_Danube_Hist_v3.dss | K922: F | L922: T | M922: T | N922: Copy | O922: Copy | P922: N/A
B923: CALSIM | C923: AW_GDPUD_NA | D923: URBAN-DEMAND | E923: * | F923: 1MON | G923: L2020A | H923: =_xlfn.CONCAT(C923,"/",D923) -> AW_GDPUD_NA/URBAN-DEMAND | I923: Other | J923: =VLOOKUP(Table1[[#This Row],[UID]],CS3SVComposerConfig!$B$3:$D$1808,3,FALSE) -> DCR2023_SV_Danube_Hist_v3.dss | K923: F | L923: T | M923: T | N923: Copy | O923: Copy | P923: N/A
B924: CALSIM | C924: AW_NIDBR_NA | D924: APPLIED-WATER | E924: * | F924: 1MON | G924: L2020A | H924: =_xlfn.CONCAT(C924,"/",D924) -> AW_NIDBR_NA/APPLIED-WATER | I924: Other | J924: =VLOOKUP(Table1[[#This Row],[UID]],CS3SVComposerConfig!$B$3:$D$1808,3,FALSE) -> DCR2023_SV_Danube_Hist_v3.dss | K924: F | L924: T | M924: T | N924: Copy | O924: Copy | P924: N/A
B925: CALSIM | C925: AW_NIDDC_NA1 | D925: APPLIED-WATER | E925: * | F925: 1MON | G925: L2020A | H925: =_xlfn.CONCAT(C925,"/",D925) -> AW_NIDDC_NA1/APPLIED-WATER | I925: Other | J925: =VLOOKUP(Table1[[#This Row],[UID]],CS3SVComposerConfig!$B$3:$D$1808,3,FALSE) -> DCR2023_SV_Danube_Hist_v3.dss | K925: F | L925: T | M925: T | N925: Copy | O925: Copy | P925: N/A
... B927: CALSIM | C927: AW_NIDDC_NA3 | D927: APPLIED-WATER | E927: * | F927: 1MON | G927: L2020A | H927: =_xlfn.CONCAT(C927,"/",D927) -> AW_NIDDC_NA3/APPLIED-WATER | I927: Other | J927: =VLOOKUP(Table1[[#This Row],[UID]],CS3SVComposerConfig!$B$3:$D$1808,3,FALSE) -> DCR2023_SV_Danube_Hist_v3.dss | K927: F | L927: T | M927: T | N927: Copy | O927: Copy | P927: N/A
B928: CALSIM | C928: C_CBD001HIST | D928: FLOW | E928: * | F928: 1MON | G928: L2020A | H928: =_xlfn.CONCAT(C928,"/",D928) -> C_CBD001HIST/FLOW | I928: Other | J928: =VLOOKUP(Table1[[#This Row],[UID]],CS3SVComposerConfig!$B$3:$D$1808,3,FALSE) -> DCR2023_SV_Danube_Hist_v3.dss | K928: F | L928: F | M928: T | N928: VIC | O928: WYT-MonthlyAVG+QMAP | P928: 0.66
B929: CALSIM | C929: C_KLR005HIST | D929: FLOW | E929: * | F929: 1MON | G929: L2020A | H929: =_xlfn.CONCAT(C929,"/",D929) -> C_KLR005HIST/FLOW | I929: Other | J929: =VLOOKUP(Table1[[#This Row],[UID]],CS3SVComposerConfig!$B$3:$D$1808,3,FALSE) -> DCR2023_SV_Danube_Hist_v3.dss | K929: F | L929: F | M929: T | N929: VIC | O929: WYT-MonthlyAVG+QMAP | P929: 0.73
B930: CALSIM | C930: CAP_C_CAA238_CVC_F | D930: CAPACITY | E930: * | F930: 1MON | G930: L2020A | H930: =_xlfn.CONCAT(C930,"/",D930) -> CAP_C_CAA238_CVC_F/CAPACITY | I930: Other | J930: =VLOOKUP(Table1[[#This Row],[UID]],CS3SVComposerConfig!$B$3:$D$1808,3,FALSE) -> DCR2023_SV_Danube_Hist_v3.dss | K930: F | L930: T | M930: T | N930: Copy | O930: Copy | P930: N/A
B931: CALSIM | C931: CAP_C_CAA238_CVC_R | D931: CAPACITY | E931: * | F931: 1MON | G931: L2020A | H931: =_xlfn.CONCAT(C931,"/",D931) -> CAP_C_CAA238_CVC_R/CAPACITY | I931: Other | J931: =VLOOKUP(Table1[[#This Row],[UID]],CS3SVComposerConfig!$B$3:$D$1808,3,FALSE) -> DCR2023_SV_Danube_Hist_v3.dss | K931: F | L931: T | M931: T | N931: Copy | O931: Copy | P931: N/A
B932: CALSIM | C932: CL_DGR | D932: CONTRACT-LIMIT | E932: * | F932: 1MON | G932: L2020A | H932: =_xlfn.CONCAT(C932,"/",D932) -> CL_DGR/CONTRACT-LIMIT | I932: Other | J932: =VLOOKUP(Table1[[#This Row],[UID]],CS3SVComposerConfig!$B$3:$D$1808,3,FALSE) -> DCR2023_SV_Danube_Hist_v3.dss | K932: F | L932: T | M932: T | N932: Copy | O932: Copy | P932: N/A
B933: CALSIM | C933: D_CVT005_UTC000_DEM | D933: FLOW-HISTORICAL | E933: * | F933: 1MON | G933: L2020A | H933: =_xlfn.CONCAT(C933,"/",D933) -> D_CVT005_UTC000_DEM/FLOW-HISTORICAL | I933: Other | J933: =VLOOKUP(Table1[[#This Row],[UID]],CS3SVComposerConfig!$B$3:$D$1808,3,FALSE) -> DCR2023_SV_Danube_Hist_v3.dss | K933: F | L933: T | M933: T | N933: Copy | O933: Copy | P933: N/A
B934: CALSIM | C934: D_FOLSM_EDCOCA | D934: DIVERSION | E934: * | F934: 1MON | G934: L2020A | H934: =_xlfn.CONCAT(C934,"/",D934) -> D_FOLSM_EDCOCA/DIVERSION | I934: Other | J934: =VLOOKUP(Table1[[#This Row],[UID]],CS3SVComposerConfig!$B$3:$D$1808,3,FALSE) -> DCR2023_SV_Danube_Hist_v3.dss | K934: T | L934: F | M934: T | N934: N/A | O934: N/A | P934: N/A
B935: CALSIM | C935: D_FOLSM_EDCOCA_CVP_SV | D935: DIVERSION-CVP | E935: * | F935: 1MON | G935: L2020A | H935: =_xlfn.CONCAT(C935,"/",D935) -> D_FOLSM_EDCOCA_CVP_SV/DIVERSION-CVP | I935: Other | J935: =VLOOKUP(Table1[[#This Row],[UID]],CS3SVComposerConfig!$B$3:$D$1808,3,FALSE) -> DCR2023_SV_Danube_Hist_v3.dss | K935: T | L935: F | M935: T | N935: N/A | O935: N/A | P935: N/A
B936: CALSIM | C936: D_LYONS_TCN000_DEM | D936: FLOW-HISTORICAL | E936: * | F936: 1MON | G936: L2020A | H936: =_xlfn.CONCAT(C936,"/",D936) -> D_LYONS_TCN000_DEM/FLOW-HISTORICAL | I936: Other | J936: =VLOOKUP(Table1[[#This Row],[UID]],CS3SVComposerConfig!$B$3:$D$1808,3,FALSE) -> DCR2023_SV_Danube_Hist_v3.dss | K936: F | L936: T | M936: T | N936: Copy | O936: Copy | P936: N/A
B937: CALSIM | C937: D_UTC000_CACWD_DEM | D937: FLOW-HISTORICAL | E937: * | F937: 1MON | G937: L2020A | H937: =_xlfn.CONCAT(C937,"/",D937) -> D_UTC000_CACWD_DEM/FLOW-HISTORICAL | I937: Other | J937: =VLOOKUP(Table1[[#This Row],[UID]],CS3SVComposerConfig!$B$3:$D$1808,3,FALSE) -> DCR2023_SV_Danube_Hist_v3.dss | K937: F | L937: T | M937: T | N937: Copy | O937: Copy | P937: N/A
B938: CALSIM | C938: DELTAACCRETIONFORNDOI | D938: FLOW | E938: * | F938: 1MON | G938: L2020A | H938: =_xlfn.CONCAT(C938,"/",D938) -> DELTAACCRETIONFORNDOI/FLOW | I938: Other | J938: =VLOOKUP(Table1[[#This Row],[UID]],CS3SVComposerConfig!$B$3:$D$1808,3,FALSE) -> DCR2023_SV_Danube_Hist_v3.dss | K938: F | L938: F | M938: T | N938: VIC | O938: Python | P938: 0.92
B939: CALSIM | C939: DELTADEPLETIONFORNDOI | D939: FLOW | E939: * | F939: 1MON | G939: L2020A | H939: =_xlfn.CONCAT(C939,"/",D939) -> DELTADEPLETIONFORNDOI/FLOW | I939: Other | J939: =VLOOKUP(Table1[[#This Row],[UID]],CS3SVComposerConfig!$B$3:$D$1808,3,FALSE) -> DCR2023_SV_Danube_Hist_v3.dss | K939: F | L939: T | M939: T | N939: Copy | O939: Copy | P939: N/A
B940: CALSIM | C940: DEM_D_CAA046_71_PA7_PIN | D940: DEMAND-SWP-IN | E940: * | F940: 1MON | G940: L2020A | H940: =_xlfn.CONCAT(C940,"/",D940) -> DEM_D_CAA046_71_PA7_PIN/DEMAND-SWP-IN | I940: Other | J940: =VLOOKUP(Table1[[#This Row],[UID]],CS3SVComposerConfig!$B$3:$D$1808,3,FALSE) -> DCR2023_SV_Danube_Hist_v3.dss | K940: F | L940: T | M940: T | N940: Copy | O940: Copy | P940: N/A
B941: CALSIM | C941: DEM_D_CAA173_EMPIRE_PIN | D941: DEMAND-SWP-IN | E941: * | F941: 1MON | G941: L2020A | H941: =_xlfn.CONCAT(C941,"/",D941) -> DEM_D_CAA173_EMPIRE_PIN/DEMAND-SWP-IN | I941: Other | J941: =VLOOKUP(Table1[[#This Row],[UID]],CS3SVComposerConfig!$B$3:$D$1808,3,FALSE) -> DCR2023_SV_Danube_Hist_v3.dss | K941: F | L941: T | M941: T | N941: Copy | O941: Copy | P941: N/A
B942: CALSIM | C942: DEM_D_CAA181_KINGS_PIN | D942: DEMAND-SWP-IN | E942: * | F942: 1MON | G942: L2020A | H942: =_xlfn.CONCAT(C942,"/",D942) -> DEM_D_CAA181_KINGS_PIN/DEMAND-SWP-IN | I942: Other | J942: =VLOOKUP(Table1[[#This Row],[UID]],CS3SVComposerConfig!$B$3:$D$1808,3,FALSE) -> DCR2023_SV_Danube_Hist_v3.dss | K942: F | L942: T | M942: T | N942: Copy | O942: Copy | P942: N/A
B943: CALSIM | C943: DEM_D_CAA183_TULARE_PIN | D943: DEMAND-SWP-IN | E943: * | F943: 1MON | G943: L2020A | H943: =_xlfn.CONCAT(C943,"/",D943) -> DEM_D_CAA183_TULARE_PIN/DEMAND-SWP-IN | I943: Other | J943: =VLOOKUP(Table1[[#This Row],[UID]],CS3SVComposerConfig!$B$3:$D$1808,3,FALSE) -> DCR2023_SV_Danube_Hist_v3.dss | K943: F | L943: T | M943: T | N943: Copy | O943: Copy | P943: N/A
B944: CALSIM | C944: DEM_D_CAA184_DUDLEY_PIN | D944: DEMAND-SWP-IN | E944: * | F944: 1MON | G944: L2020A | H944: =_xlfn.CONCAT(C944,"/",D944) -> DEM_D_CAA184_DUDLEY_PIN/DEMAND-SWP-IN | I944: Other | J944: =VLOOKUP(Table1[[#This Row],[UID]],CS3SVComposerConfig!$B$3:$D$1808,3,FALSE) -> DCR2023_SV_Danube_Hist_v3.dss | K944: F | L944: T | M944: T | N944: Copy | O944: Copy | P944: N/A
B945: CALSIM | C945: DEM_D_CAA220_CAALOS_PLS | D945: DEMAND-SWP-LS | E945: * | F945: 1MON | G945: L2020A | H945: =_xlfn.CONCAT(C945,"/",D945) -> DEM_D_CAA220_CAALOS_PLS/DEMAND-SWP-LS | I945: Other | J945: =VLOOKUP(Table1[[#This Row],[UID]],CS3SVComposerConfig!$B$3:$D$1808,3,FALSE) -> DCR2023_SV_Danube_Hist_v3.dss | K945: F | L945: T | M945: T | N945: Copy | O945: Copy | P945: N/A
B946: CALSIM | C946: DEM_D_CAA239_CVPRF_PRF | D946: DEMAND-CVP-RF | E946: * | F946: 1MON | G946: L2020A | H946: =_xlfn.CONCAT(C946,"/",D946) -> DEM_D_CAA239_CVPRF_PRF/DEMAND-CVP-RF | I946: Other | J946: =VLOOKUP(Table1[[#This Row],[UID]],CS3SVComposerConfig!$B$3:$D$1808,3,FALSE) -> DCR2023_SV_Danube_Hist_v3.dss | K946: F | L946: T | M946: T | N946: Copy | O946: Copy | P946: N/A
B947: CALSIM | C947: DEM_D_CAA242_KERN_PIN | D947: DEMAND-SWP-IN | E947: * | F947: 1MON | G947: L2020A | H947: =_xlfn.CONCAT(C947,"/",D947) -> DEM_D_CAA242_KERN_PIN/DEMAND-SWP-IN | I947: Other | J947: =VLOOKUP(Table1[[#This Row],[UID]],CS3SVComposerConfig!$B$3:$D$1808,3,FALSE) -> DCR2023_SV_Danube_Hist_v3.dss | K947: F | L947: T | M947: T | N947: Copy | O947: Copy | P947: N/A
B948: CALSIM | C948: DEM_D_CAA278_CAALOS_PLS | D948: DEMAND-SWP-LS | E948: * | F948: 1MON | G948: L2020A | H948: =_xlfn.CONCAT(C948,"/",D948) -> DEM_D_CAA278_CAALOS_PLS/DEMAND-SWP-LS | I948: Other | J948: =VLOOKUP(Table1[[#This Row],[UID]],CS3SVComposerConfig!$B$3:$D$1808,3,FALSE) -> DCR2023_SV_Danube_Hist_v3.dss | K948: F | L948: T | M948: T | N948: Copy | O948: Copy | P948: N/A
B949: CALSIM | C949: DEM_D_CAA280_CAALOS_PLS | D949: DEMAND-SWP-LS | E949: * | F949: 1MON | G949: L2020A | H949: =_xlfn.CONCAT(C949,"/",D949) -> DEM_D_CAA280_CAALOS_PLS/DEMAND-SWP-LS | I949: Other | J949: =VLOOKUP(Table1[[#This Row],[UID]],CS3SVComposerConfig!$B$3:$D$1808,3,FALSE) -> DCR2023_SV_Danube_Hist_v3.dss | K949: F | L949: T | M949: T | N949: Copy | O949: Copy | P949: N/A
B950: CALSIM | C950: DEM_D_CSB009_CLRTA1_DDWD_PIN | D950: DEMAND-SWP-IN | E950: * | F950: 1MON | G950: L2020A | H950: =_xlfn.CONCAT(C950,"/",D950) -> DEM_D_CSB009_CLRTA1_DDWD_PIN/DEMAND-SWP-IN | I950: Other | J950: =VLOOKUP(Table1[[#This Row],[UID]],CS3SVComposerConfig!$B$3:$D$1808,3,FALSE) -> DCR2023_SV_Danube_Hist_v3.dss | K950: F | L950: T | M950: T | N950: Copy | O950: Copy | P950: N/A
... B985: CALSIM | C985: DMD_CBC001_CCK036_NID | D985: DEMAND | E985: * | F985: 1MON | G985: L2020A | H985: =_xlfn.CONCAT(C985,"/",D985) -> DMD_CBC001_CCK036_NID/DEMAND | I985: Other | J985: =VLOOKUP(Table1[[#This Row],[UID]],CS3SVComposerConfig!$B$3:$D$1808,3,FALSE) -> DCR2023_SV_Danube_Hist_v3.dss | K985: F | L985: T | M985: T | N985: Copy | O985: Copy | P985: N/A
B986: CALSIM | C986: EBTML_LOSS | D986: LOSS | E986: * | F986: 1MON | G986: L2020A | H986: =_xlfn.CONCAT(C986,"/",D986) -> EBTML_LOSS/LOSS | I986: Other | J986: =VLOOKUP(Table1[[#This Row],[UID]],CS3SVComposerConfig!$B$3:$D$1808,3,FALSE) -> DCR2023_SV_Danube_Hist_v3.dss | K986: F | L986: F | M986: T | N986: VIC | O986: WYT-MonthlyAVG | P986: 0.99
B987: CALSIM | C987: ER_S17 | D987: EVAPORATION-RATE | E987: * | F987: 1MON | G987: L2020A | H987: =_xlfn.CONCAT(C987,"/",D987) -> ER_S17/EVAPORATION-RATE | I987: Other | J987: =VLOOKUP(Table1[[#This Row],[UID]],CS3SVComposerConfig!$B$3:$D$1808,3,FALSE) -> DCR2023_SV_Danube_Hist_v3.dss | K987: F | L987: F | M987: F | N987: N/A | O987: N/A | P987: N/A
B988: CALSIM | C988: ER_S30 | D988: EVAPORATION-RATE | E988: * | F988: 1MON | G988: L2020A | H988: =_xlfn.CONCAT(C988,"/",D988) -> ER_S30/EVAPORATION-RATE | I988: Other | J988: =VLOOKUP(Table1[[#This Row],[UID]],CS3SVComposerConfig!$B$3:$D$1808,3,FALSE) -> DCR2023_SV_Danube_Hist_v3.dss | K988: F | L988: T | M988: T | N988: Copy | O988: Copy | P988: N/A
B989: CALSIM | C989: FEB_FORECAST_GOODYEAR_B120 | D989: FLOW | E989: * | F989: 1MON | G989: L2020A | H989: =_xlfn.CONCAT(C989,"/",D989) -> FEB_FORECAST_GOODYEAR_B120/FLOW | I989: Other | J989: =VLOOKUP(Table1[[#This Row],[UID]],CS3SVComposerConfig!$B$3:$D$1808,3,FALSE) -> DCR2023_SV_Danube_Hist_v3.dss | K989: F | L989: F | M989: F | N989: N/A | O989: N/A | P989: N/A
B990: CALSIM | C990: FEB_FORECAST_SMARTVILLE_B120 | D990: FLOW | E990: * | F990: 1MON | G990: L2020A | H990: =_xlfn.CONCAT(C990,"/",D990) -> FEB_FORECAST_SMARTVILLE_B120/FLOW | I990: Other | J990: =VLOOKUP(Table1[[#This Row],[UID]],CS3SVComposerConfig!$B$3:$D$1808,3,FALSE) -> DCR2023_SV_Danube_Hist_v3.dss | K990: F | L990: F | M990: F | N990: N/A | O990: N/A | P990: N/A
B991: CALSIM | C991: FSC_LOSSES | D991: SEEPAGE | E991: * | F991: 1MON | G991: L2020A | H991: =_xlfn.CONCAT(C991,"/",D991) -> FSC_LOSSES/SEEPAGE | I991: Other | J991: =VLOOKUP(Table1[[#This Row],[UID]],CS3SVComposerConfig!$B$3:$D$1808,3,FALSE) -> DCR2023_SV_Danube_Hist_v3.dss | K991: F | L991: T | M991: T | N991: Copy | O991: Copy | P991: N/A
B992: CALSIM | C992: I_CAA245 | D992: FLOW-INFLOW | E992: * | F992: 1MON | G992: L2020A | H992: =_xlfn.CONCAT(C992,"/",D992) -> I_CAA245/FLOW-INFLOW | I992: Other | J992: =VLOOKUP(Table1[[#This Row],[UID]],CS3SVComposerConfig!$B$3:$D$1808,3,FALSE) -> DCR2023_SV_Danube_Hist_v3.dss | K992: T | L992: F | M992: T | N992: N/A | O992: N/A | P992: N/A
B993: CALSIM | C993: MAR_FORECAST_GOODYEAR_B120 | D993: FLOW | E993: * | F993: 1MON | G993: L2020A | H993: =_xlfn.CONCAT(C993,"/",D993) -> MAR_FORECAST_GOODYEAR_B120/FLOW | I993: Other | J993: =VLOOKUP(Table1[[#This Row],[UID]],CS3SVComposerConfig!$B$3:$D$1808,3,FALSE) -> DCR2023_SV_Danube_Hist_v3.dss | K993: F | L993: F | M993: F | N993: N/A | O993: N/A | P993: N/A
B994: CALSIM | C994: MAR_FORECAST_SMARTVILLE_B120 | D994: FLOW | E994: * | F994: 1MON | G994: L2020A | H994: =_xlfn.CONCAT(C994,"/",D994) -> MAR_FORECAST_SMARTVILLE_B120/FLOW | I994: Other | J994: =VLOOKUP(Table1[[#This Row],[UID]],CS3SVComposerConfig!$B$3:$D$1808,3,FALSE) -> DCR2023_SV_Danube_Hist_v3.dss | K994: F | L994: F | M994: F | N994: N/A | O994: N/A | P994: N/A
B995: CALSIM | C995: MAY_FORECAST_GOODYEAR_B120 | D995: FLOW | E995: * | F995: 1MON | G995: L2020A | H995: =_xlfn.CONCAT(C995,"/",D995) -> MAY_FORECAST_GOODYEAR_B120/FLOW | I995: Other | J995: =VLOOKUP(Table1[[#This Row],[UID]],CS3SVComposerConfig!$B$3:$D$1808,3,FALSE) -> DCR2023_SV_Danube_Hist_v3.dss | K995: F | L995: F | M995: F | N995: N/A | O995: N/A | P995: N/A
B996: CALSIM | C996: MAY_FORECAST_SMARTVILLE_B120 | D996: FLOW | E996: * | F996: 1MON | G996: L2020A | H996: =_xlfn.CONCAT(C996,"/",D996) -> MAY_FORECAST_SMARTVILLE_B120/FLOW | I996: Other | J996: =VLOOKUP(Table1[[#This Row],[UID]],CS3SVComposerConfig!$B$3:$D$1808,3,FALSE) -> DCR2023_SV_Danube_Hist_v3.dss | K996: F | L996: F | M996: F | N996: N/A | O996: N/A | P996: N/A
B997: CALSIM | C997: NBA_LOSSES | D997: SEEPAGE | E997: * | F997: 1MON | G997: L2020A | H997: =_xlfn.CONCAT(C997,"/",D997) -> NBA_LOSSES/SEEPAGE | I997: Other | J997: =VLOOKUP(Table1[[#This Row],[UID]],CS3SVComposerConfig!$B$3:$D$1808,3,FALSE) -> DCR2023_SV_Danube_Hist_v3.dss | K997: F | L997: T | M997: T | N997: Copy | O997: Copy | P997: N/A
B998: CALSIM | C998: R_60N_NA4_SJR022_SV | D998: RETURN-FLOW | E998: * | F998: 1MON | G998: L2020A | H998: =_xlfn.CONCAT(C998,"/",D998) -> R_60N_NA4_SJR022_SV/RETURN-FLOW | I998: Other | J998: =VLOOKUP(Table1[[#This Row],[UID]],CS3SVComposerConfig!$B$3:$D$1808,3,FALSE) -> DCR2023_SV_Danube_Hist_v3.dss | K998: F | L998: F | M998: T | N998: VIC | O998: WYT-MonthlyAVG | P998: 0.97
B999: CALSIM | C999: R_RFS71A_OMR039_SV | D999: RETURN-FLOW | E999: * | F999: 1MON | G999: L2020A | H999: =_xlfn.CONCAT(C999,"/",D999) -> R_RFS71A_OMR039_SV/RETURN-FLOW | I999: Other | J999: =VLOOKUP(Table1[[#This Row],[UID]],CS3SVComposerConfig!$B$3:$D$1808,3,FALSE) -> DCR2023_SV_Danube_Hist_v3.dss | K999: F | L999: F | M999: T | N999: VIC | O999: WYT-MonthlyAVG | P999: 0.55
B1000: CALSIM | C1000: RUFR_24_NA2_TS | D1000: REUSE-FRACTION | E1000: * | F1000: 1MON | G1000: L2020A | H1000: =_xlfn.CONCAT(C1000,"/",D1000) -> RUFR_24_NA2_TS/REUSE-FRACTION | I1000: Other | J1000: =VLOOKUP(Table1[[#This Row],[UID]],CS3SVComposerConfig!$B$3:$D$1808,3,FALSE) -> DCR2023_SV_Danube_Hist_v3.dss | K1000: F | L1000: T | M1000: T | N1000: Copy | O1000: Copy | P1000: N/A
B1001: CALSIM | C1001: RUFR_24_NA3_TS | D1001: REUSE-FRACTION | E1001: * | F1001: 1MON | G1001: L2020A | H1001: =_xlfn.CONCAT(C1001,"/",D1001) -> RUFR_24_NA3_TS/REUSE-FRACTION | I1001: Other | J1001: =VLOOKUP(Table1[[#This Row],[UID]],CS3SVComposerConfig!$B$3:$D$1808,3,FALSE) -> DCR2023_SV_Danube_Hist_v3.dss | K1001: F | L1001: T | M1001: T | N1001: Copy | O1001: Copy | P1001: N/A
B1002: CALSIM | C1002: RUFR1_TS | D1002: REUSE-FACTOR | E1002: * | F1002: 1MON | G1002: L2020A | H1002: =_xlfn.CONCAT(C1002,"/",D1002) -> RUFR1_TS/REUSE-FACTOR | I1002: Other | J1002: =VLOOKUP(Table1[[#This Row],[UID]],CS3SVComposerConfig!$B$3:$D$1808,3,FALSE) -> DCR2023_SV_Danube_Hist_v3.dss | K1002: F | L1002: T | M1002: T | N1002: Copy | O1002: Copy | P1002: N/A
B1003: CALSIM | C1003: RUFR2_TS | D1003: REUSE-FACTOR | E1003: * | F1003: 1MON | G1003: L2020A | H1003: =_xlfn.CONCAT(C1003,"/",D1003) -> RUFR2_TS/REUSE-FACTOR | I1003: Other | J1003: =VLOOKUP(Table1[[#This Row],[UID]],CS3SVComposerConfig!$B$3:$D$1808,3,FALSE) -> DCR2023_SV_Danube_Hist_v3.dss | K1003: F | L1003: T | M1003: T | N1003: Copy | O1003: Copy | P1003: N/A
...

Sheet SummaryCounts
D2: =SUM(D4:D18) -> 1375 | E2: =SUM(E4:E18) -> 32 | F2: =SUM(F4:F18) -> 220 | G2: =SUM(G4:G18) -> 106 | H2: =SUM(H4:H18) -> 1733 | I2: =SUM(I4:I18) -> 1
B3: Status | C3: Input Category | D3: Total Count (Generate) | E3: Missing Values | F3: Constant or Repeating Values | G3: Not Used in DCR 2023 or Dynamic | H3: Total Count | I3: Total Pct
B4: x | C4: {=_xlfn._xlws.SORT(_xlfn.UNIQUE(Table1[Input_Category]))} -> CalSimHydro | D4: =H4-SUM(E4:G4) -> 655 | E4: =COUNTIFS(Table1[Input_Category],"="&C4, Table1[Missing],"="&"T") -> 0 | F4: =COUNTIFS(Table1[Input_Category],"="&C4, Table1[Constant/Rept],"="&"T") -> 91 | G4: =COUNTIFS(Table1[Input_Category],"="&C4, Table1[Used in DCR],"="&"F") -> 0 | H4: =COUNTIFS(Table1[Input_Category],"="&C4) -> 746 | I4: =H4/SUM($H$4:$H$21) -> 0.4304674 | J4: =SUM(E4:G4) -> 91
B5: x | C5: CalSimHydroEE | D5: =H5-SUM(E5:G5) -> 17 | E5: =COUNTIFS(Table1[Input_Category],"="&C5, Table1[Missing],"="&"T") -> 0 | F5: =COUNTIFS(Table1[Input_Category],"="&C5, Table1[Constant/Rept],"="&"T") -> 0 | G5: =COUNTIFS(Table1[Input_Category],"="&C5, Table1[Used in DCR],"="&"F") -> 0 | H5: =COUNTIFS(Table1[Input_Category],"="&C5) -> 17 | I5: =H5/SUM($H$4:$H$21) -> 0.0098095788 | J5: =SUM(E5:G5) -> 0
B6: x | C6: Climate | D6: =H6-SUM(E6:G6) -> 56 | E6: =COUNTIFS(Table1[Input_Category],"="&C6, Table1[Missing],"="&"T") -> 0 | F6: =COUNTIFS(Table1[Input_Category],"="&C6, Table1[Constant/Rept],"="&"T") -> 0 | G6: =COUNTIFS(Table1[Input_Category],"="&C6, Table1[Used in DCR],"="&"F") -> 1 | H6: =COUNTIFS(Table1[Input_Category],"="&C6) -> 57 | I6: =H6/SUM($H$4:$H$21) -> 0.032890941 | J6: =SUM(E6:G6) -> 1
B7: x | C7: Closure Terms | D7: =H7-SUM(E7:G7) -> 13 | E7: =COUNTIFS(Table1[Input_Category],"="&C7, Table1[Missing],"="&"T") -> 5 | F7: =COUNTIFS(Table1[Input_Category],"="&C7, Table1[Constant/Rept],"="&"T") -> 8 | G7: =COUNTIFS(Table1[Input_Category],"="&C7, Table1[Used in DCR],"="&"F") -> 0 | H7: =COUNTIFS(Table1[Input_Category],"="&C7) -> 26 | I7: =H7/SUM($H$4:$H$21) -> 0.015002885 | J7: =SUM(E7:G7) -> 13
B8: x | C8: Day-Volume Fraction | D8: =H8-SUM(E8:G8) -> 31 | E8: =COUNTIFS(Table1[Input_Category],"="&C8, Table1[Missing],"="&"T") -> 0 | F8: =COUNTIFS(Table1[Input_Category],"="&C8, Table1[Constant/Rept],"="&"T") -> 0 | G8: =COUNTIFS(Table1[Input_Category],"="&C8, Table1[Used in DCR],"="&"F") -> 0 | H8: =COUNTIFS(Table1[Input_Category],"="&C8) -> 31 | I8: =H8/SUM($H$4:$H$21) -> 0.017888055 | J8: =SUM(E8:G8) -> 0
B9: x | C9: Delta Channel Depletion | D9: =H9-SUM(E9:G9) -> 28 | E9: =COUNTIFS(Table1[Input_Category],"="&C9, Table1[Missing],"="&"T") -> 0 | F9: =COUNTIFS(Table1[Input_Category],"="&C9, Table1[Constant/Rept],"="&"T") -> 0 | G9: =COUNTIFS(Table1[Input_Category],"="&C9, Table1[Used in DCR],"="&"F") -> 0 | H9: =COUNTIFS(Table1[Input_Category],"="&C9) -> 28 | I9: =H9/SUM($H$4:$H$21) -> 0.016156953 | J9: =SUM(E9:G9) -> 0
B10: x | C10: Instream Flows | D10: =H10-SUM(E10:G10) -> 3 | E10: =COUNTIFS(Table1[Input_Category],"="&C10, Table1[Missing],"="&"T") -> 0 | F10: =COUNTIFS(Table1[Input_Category],"="&C10, Table1[Constant/Rept],"="&"T") -> 1 | G10: =COUNTIFS(Table1[Input_Category],"="&C10, Table1[Used in DCR],"="&"F") -> 2 | H10: =COUNTIFS(Table1[Input_Category],"="&C10) -> 6 | I10: =H10/SUM($H$4:$H$21) -> 0.0034622043 | J10: =SUM(E10:G10) -> 3
B11: x | C11: Other | D11: =H11-SUM(E11:G11) -> 7 | E11: =COUNTIFS(Table1[Input_Category],"="&C11, Table1[Missing],"="&"T") -> 13 | F11: =COUNTIFS(Table1[Input_Category],"="&C11, Table1[Constant/Rept],"="&"T") -> 110 | G11: =COUNTIFS(Table1[Input_Category],"="&C11, Table1[Used in DCR],"="&"F") -> 13 | H11: =COUNTIFS(Table1[Input_Category],"="&C11) -> 143 | I11: =H11/SUM($H$4:$H$21) -> 0.082515868 | J11: =SUM(E11:G11) -> 136
B12: x | C12: Reservoir Evaporation | D12: =H12-SUM(E12:G12) -> 95 | E12: =COUNTIFS(Table1[Input_Category],"="&C12, Table1[Missing],"="&"T") -> 1 | F12: =COUNTIFS(Table1[Input_Category],"="&C12, Table1[Constant/Rept],"="&"T") -> 0 | G12: =COUNTIFS(Table1[Input_Category],"="&C12, Table1[Used in DCR],"="&"F") -> 0 | H12: =COUNTIFS(Table1[Input_Category],"="&C12) -> 96 | I12: =H12/SUM($H$4:$H$21) -> 0.055395268 | J12: =SUM(E12:G12) -> 1
B13: x | C13: Reservoir Storage Curves | D13: =H13-SUM(E13:G13) -> 7 | E13: =COUNTIFS(Table1[Input_Category],"="&C13, Table1[Missing],"="&"T") -> 0 | F13: =COUNTIFS(Table1[Input_Category],"="&C13, Table1[Constant/Rept],"="&"T") -> 2 | G13: =COUNTIFS(Table1[Input_Category],"="&C13, Table1[Used in DCR],"="&"F") -> 0 | H13: =COUNTIFS(Table1[Input_Category],"="&C13) -> 9 | I13: =H13/SUM($H$4:$H$21) -> 0.0051933064 | J13: =SUM(E13:G13) -> 2
B14: x | C14: Rim Inflow | D14: =H14-SUM(E14:G14) -> 227 | E14: =COUNTIFS(Table1[Input_Category],"="&C14, Table1[Missing],"="&"T") -> 13 | F14: =COUNTIFS(Table1[Input_Category],"="&C14, Table1[Constant/Rept],"="&"T") -> 0 | G14: =COUNTIFS(Table1[Input_Category],"="&C14, Table1[Used in DCR],"="&"F") -> 1 | H14: =COUNTIFS(Table1[Input_Category],"="&C14) -> 241 | I14: =H14/SUM($H$4:$H$21) -> 0.1390652 | J14: =SUM(E14:G14) -> 14
B15: x | C15: Salinity | D15: =H15-SUM(E15:G15) -> 0 | E15: =COUNTIFS(Table1[Input_Category],"="&C15, Table1[Missing],"="&"T") -> 0 | F15: =COUNTIFS(Table1[Input_Category],"="&C15, Table1[Constant/Rept],"="&"T") -> 5 | G15: =COUNTIFS(Table1[Input_Category],"="&C15, Table1[Used in DCR],"="&"F") -> 0 | H15: =COUNTIFS(Table1[Input_Category],"="&C15) -> 5 | I15: =H15/SUM($H$4:$H$21) -> 0.0028851702 | J15: =SUM(E15:G15) -> 5
B16: x | C16: Small Watersheds | D16: =H16-SUM(E16:G16) -> 210 | E16: =COUNTIFS(Table1[Input_Category],"="&C16, Table1[Missing],"="&"T") -> 0 | F16: =COUNTIFS(Table1[Input_Category],"="&C16, Table1[Constant/Rept],"="&"T") -> 0 | G16: =COUNTIFS(Table1[Input_Category],"="&C16, Table1[Used in DCR],"="&"F") -> 0 | H16: =COUNTIFS(Table1[Input_Category],"="&C16) -> 210 | I16: =H16/SUM($H$4:$H$21) -> 0.12117715 | J16: =SUM(E16:G16) -> 0
... B18: x | C18: Upper Watershed Modules | D18: =H18-SUM(E18:G18) -> 12 | E18: =COUNTIFS(Table1[Input_Category],"="&C18, Table1[Missing],"="&"T") -> 0 | F18: =COUNTIFS(Table1[Input_Category],"="&C18, Table1[Constant/Rept],"="&"T") -> 3 | G18: =COUNTIFS(Table1[Input_Category],"="&C18, Table1[Used in DCR],"="&"F") -> 89 | H18: =COUNTIFS(Table1[Input_Category],"="&C18) -> 104 | I18: =H18/SUM($H$4:$H$21) -> 0.060011541 | J18: =SUM(E18:G18) -> 92

Sheet CS3SVComposerConfig
F1: =COUNT(F3:F10000) -> 1758
B2: uid | C2: csv | D2: dss | E2: L2015 | F2: idx | G2: L2020 | H2: Part A | I2: Part B | J2: Part C | K2: Part D | L2: Part E | M2: Part F | N2: Duplicated? | O2: Match in Inventory?
B3: =_xlfn.CONCAT(I3,"/",J3) -> AWO_50_PA1/APPLIED-WATER | C3: LTO_Hydro_L2015A_to_L2020A_SJRrebal_cp.csv | D3: RebalancedSJR_AW_TW_DP.dss | E3: /CALSIM/AWO_50_PA1/APPLIED-WATER//1MON/L2015A/ | F3: 1 | G3: /CALSIM/AWO_50_PA1/APPLIED-WATER//1MON/L2020A/ | H3: CALSIM | I3: AWO_50_PA1 | J3: APPLIED-WATER | L3: 1MON | M3: L2020A | N3: =IF(COUNTIF($B$3:$B$1760,"="&B3)>1,"T","F") -> F | O3: =IF(_xlfn.IFNA(MATCH(B3,Table1[UID],0),"F")="F","F","T") -> T
B4: =_xlfn.CONCAT(I4,"/",J4) -> AWO_64_XA/APPLIED-WATER | C4: LTO_Hydro_L2015A_to_L2020A_SJRrebal_cp.csv | D4: RebalancedSJR_AW_TW_DP.dss | E4: /CALSIM/AWO_64_XA/APPLIED-WATER//1MON/L2015A/ | F4: 2 | G4: /CALSIM/AWO_64_XA/APPLIED-WATER//1MON/L2020A/ | H4: CALSIM | I4: AWO_64_XA | J4: APPLIED-WATER | L4: 1MON | M4: L2020A | N4: =IF(COUNTIF($B$3:$B$1760,"="&B4)>1,"T","F") -> F | O4: =IF(_xlfn.IFNA(MATCH(B4,Table1[UID],0),"F")="F","F","T") -> T
B5: =_xlfn.CONCAT(I5,"/",J5) -> AWO_71_PA1/APPLIED-WATER | C5: LTO_Hydro_L2015A_to_L2020A_SJRrebal_cp.csv | D5: RebalancedSJR_AW_TW_DP.dss | E5: /CALSIM/AWO_71_PA1/APPLIED-WATER//1MON/L2015A/ | F5: 3 | G5: /CALSIM/AWO_71_PA1/APPLIED-WATER//1MON/L2020A/ | H5: CALSIM | I5: AWO_71_PA1 | J5: APPLIED-WATER | L5: 1MON | M5: L2020A | N5: =IF(COUNTIF($B$3:$B$1760,"="&B5)>1,"T","F") -> F | O5: =IF(_xlfn.IFNA(MATCH(B5,Table1[UID],0),"F")="F","F","T") -> T
B6: =_xlfn.CONCAT(I6,"/",J6) -> AWO_71_PA2/APPLIED-WATER | C6: LTO_Hydro_L2015A_to_L2020A_SJRrebal_cp.csv | D6: RebalancedSJR_AW_TW_DP.dss | E6: /CALSIM/AWO_71_PA2/APPLIED-WATER//1MON/L2015A/ | F6: 4 | G6: /CALSIM/AWO_71_PA2/APPLIED-WATER//1MON/L2020A/ | H6: CALSIM | I6: AWO_71_PA2 | J6: APPLIED-WATER | L6: 1MON | M6: L2020A | N6: =IF(COUNTIF($B$3:$B$1760,"="&B6)>1,"T","F") -> F | O6: =IF(_xlfn.IFNA(MATCH(B6,Table1[UID],0),"F")="F","F","T") -> T
B7: =_xlfn.CONCAT(I7,"/",J7) -> AWO_71_PA3/APPLIED-WATER | C7: LTO_Hydro_L2015A_to_L2020A_SJRrebal_cp.csv | D7: RebalancedSJR_AW_TW_DP.dss | E7: /CALSIM/AWO_71_PA3/APPLIED-WATER//1MON/L2015A/ | F7: 5 | G7: /CALSIM/AWO_71_PA3/APPLIED-WATER//1MON/L2020A/ | H7: CALSIM | I7: AWO_71_PA3 | J7: APPLIED-WATER | L7: 1MON | M7: L2020A | N7: =IF(COUNTIF($B$3:$B$1760,"="&B7)>1,"T","F") -> F | O7: =IF(_xlfn.IFNA(MATCH(B7,Table1[UID],0),"F")="F","F","T") -> T
B8: =_xlfn.CONCAT(I8,"/",J8) -> AWO_71_PA4/APPLIED-WATER | C8: LTO_Hydro_L2015A_to_L2020A_SJRrebal_cp.csv | D8: RebalancedSJR_AW_TW_DP.dss | E8: /CALSIM/AWO_71_PA4/APPLIED-WATER//1MON/L2015A/ | F8: 6 | G8: /CALSIM/AWO_71_PA4/APPLIED-WATER//1MON/L2020A/ | H8: CALSIM | I8: AWO_71_PA4 | J8: APPLIED-WATER | L8: 1MON | M8: L2020A | N8: =IF(COUNTIF($B$3:$B$1760,"="&B8)>1,"T","F") -> F | O8: =IF(_xlfn.IFNA(MATCH(B8,Table1[UID],0),"F")="F","F","T") -> T
B9: =_xlfn.CONCAT(I9,"/",J9) -> AWO_71_PA5/APPLIED-WATER | C9: LTO_Hydro_L2015A_to_L2020A_SJRrebal_cp.csv | D9: RebalancedSJR_AW_TW_DP.dss | E9: /CALSIM/AWO_71_PA5/APPLIED-WATER//1MON/L2015A/ | F9: 7 | G9: /CALSIM/AWO_71_PA5/APPLIED-WATER//1MON/L2020A/ | H9: CALSIM | I9: AWO_71_PA5 | J9: APPLIED-WATER | L9: 1MON | M9: L2020A | N9: =IF(COUNTIF($B$3:$B$1760,"="&B9)>1,"T","F") -> F | O9: =IF(_xlfn.IFNA(MATCH(B9,Table1[UID],0),"F")="F","F","T") -> T
B10: =_xlfn.CONCAT(I10,"/",J10) -> AWO_71_PA6/APPLIED-WATER | C10: LTO_Hydro_L2015A_to_L2020A_SJRrebal_cp.csv | D10: RebalancedSJR_AW_TW_DP.dss | E10: /CALSIM/AWO_71_PA6/APPLIED-WATER//1MON/L2015A/ | F10: 8 | G10: /CALSIM/AWO_71_PA6/APPLIED-WATER//1MON/L2020A/ | H10: CALSIM | I10: AWO_71_PA6 | J10: APPLIED-WATER | L10: 1MON | M10: L2020A | N10: =IF(COUNTIF($B$3:$B$1760,"="&B10)>1,"T","F") -> F | O10: =IF(_xlfn.IFNA(MATCH(B10,Table1[UID],0),"F")="F","F","T") -> T
B11: =_xlfn.CONCAT(I11,"/",J11) -> AWO_71_PA7/APPLIED-WATER | C11: LTO_Hydro_L2015A_to_L2020A_SJRrebal_cp.csv | D11: RebalancedSJR_AW_TW_DP.dss | E11: /CALSIM/AWO_71_PA7/APPLIED-WATER//1MON/L2015A/ | F11: 9 | G11: /CALSIM/AWO_71_PA7/APPLIED-WATER//1MON/L2020A/ | H11: CALSIM | I11: AWO_71_PA7 | J11: APPLIED-WATER | L11: 1MON | M11: L2020A | N11: =IF(COUNTIF($B$3:$B$1760,"="&B11)>1,"T","F") -> F | O11: =IF(_xlfn.IFNA(MATCH(B11,Table1[UID],0),"F")="F","F","T") -> T
B12: =_xlfn.CONCAT(I12,"/",J12) -> AWO_71_PA8/APPLIED-WATER | C12: LTO_Hydro_L2015A_to_L2020A_SJRrebal_cp.csv | D12: RebalancedSJR_AW_TW_DP.dss | E12: /CALSIM/AWO_71_PA8/APPLIED-WATER//1MON/L2015A/ | F12: 10 | G12: /CALSIM/AWO_71_PA8/APPLIED-WATER//1MON/L2020A/ | H12: CALSIM | I12: AWO_71_PA8 | J12: APPLIED-WATER | L12: 1MON | M12: L2020A | N12: =IF(COUNTIF($B$3:$B$1760,"="&B12)>1,"T","F") -> F | O12: =IF(_xlfn.IFNA(MATCH(B12,Table1[UID],0),"F")="F","F","T") -> T
B13: =_xlfn.CONCAT(I13,"/",J13) -> AWO_72_PA/APPLIED-WATER | C13: LTO_Hydro_L2015A_to_L2020A_SJRrebal_cp.csv | D13: RebalancedSJR_AW_TW_DP.dss | E13: /CALSIM/AWO_72_PA/APPLIED-WATER//1MON/L2015A/ | F13: 11 | G13: /CALSIM/AWO_72_PA/APPLIED-WATER//1MON/L2020A/ | H13: CALSIM | I13: AWO_72_PA | J13: APPLIED-WATER | L13: 1MON | M13: L2020A | N13: =IF(COUNTIF($B$3:$B$1760,"="&B13)>1,"T","F") -> F | O13: =IF(_xlfn.IFNA(MATCH(B13,Table1[UID],0),"F")="F","F","T") -> T
B14: =_xlfn.CONCAT(I14,"/",J14) -> AWO_72_PR1/APPLIED-WATER | C14: LTO_Hydro_L2015A_to_L2020A_SJRrebal_cp.csv | D14: RebalancedSJR_AW_TW_DP.dss | E14: /CALSIM/AWO_72_PR1/APPLIED-WATER//1MON/L2015A/ | F14: 12 | G14: /CALSIM/AWO_72_PR1/APPLIED-WATER//1MON/L2020A/ | H14: CALSIM | I14: AWO_72_PR1 | J14: APPLIED-WATER | L14: 1MON | M14: L2020A | N14: =IF(COUNTIF($B$3:$B$1760,"="&B14)>1,"T","F") -> F | O14: =IF(_xlfn.IFNA(MATCH(B14,Table1[UID],0),"F")="F","F","T") -> T
... B1760: =_xlfn.CONCAT(I1760,"/",J1760) -> I_OROVL/INFLOW | C1760: LTOhis_CS3SV_Rim_218Inflow_cp | D1760: adj_SV_CS3LTO_0803_riminflow20231214.dss | E1760: /CALSIM/I_OROVL/INFLOW//1MON/L2020ADJ/ | F1760: 218 | G1760: /CALSIM/I_OROVL/INFLOW//1MON/L2020A/ | H1760: CALSIM | I1760: I_OROVL | J1760: INFLOW | L1760: 1MON | M1760: L2020A | N1760: =IF(COUNTIF($B$3:$B$1760,"="&B1760)>1,"T","F") -> F | O1760: =IF(_xlfn.IFNA(MATCH(B1760,Table1[UID],0),"F")="F","F","T") -> T
